tick,loadFromSimulation,loadFromX,loadFromY,meanLatencyFromY,meanLatencyFromZ,meanAvailabilityFromY,meanAvailabilityFromZ,zCapacity,poolSize,poolUsage,meanQueueWaitTime,queueSize,enqueueCount,queueRejectCount,meanTriesPerRequest,avgCacheAge,hitCount,missCount,cacheSize,meanResponseAge,meanResponseCacheAge,meanResponseP1Availability,meanResponseP2Availability,meanResponseP3Availability,meanResponseP1Latency,meanResponseP2Latency,meanResponseP3Latency,meanResponseGFastLatency,meanResponseGMediumLatency,meanResponseGSlowLatency,meanResponseGFastAvailability,meanResponseGMediumAvailability,meanResponseGSlowAvailability
50000,200,200,200,2919.9574468085107,2917.8882978723404,0.526595744680851,0.526595744680851,Infinity,Infinity,-1,0,-1,200,0,1,-1,-1,-1,-1,0,NaN,0.5223880597014925,0.5517241379310345,0.5079365079365079,2881.6119402985073,2925.9310344827586,2964.1111111111113,NaN,NaN,NaN,NaN,NaN,NaN
100000,200,200,200,2997.0298507462685,2995,0.5124378109452736,0.5124378109452736,Infinity,Infinity,-1,0,-1,200,0,1,-1,-1,-1,-1,0,NaN,0.5294117647058824,0.46774193548387094,0.5352112676056338,3062.8676470588234,2984.4032258064517,2953.450704225352,NaN,NaN,NaN,NaN,NaN,NaN
150000,200,200,200,2978.995,2976.915,0.575,0.575,Infinity,Infinity,-1,0,-1,200,0,1,-1,-1,-1,-1,0,NaN,0.5633802816901409,0.6557377049180327,0.5147058823529411,3008.3661971830984,2977.44262295082,2958.3970588235293,NaN,NaN,NaN,NaN,NaN,NaN
200000,200,200,200,2923.597989949749,2921.527638190955,0.6231155778894473,0.6231155778894473,Infinity,Infinity,-1,0,-1,200,0,1,-1,-1,-1,-1,0,NaN,0.5833333333333334,0.7,0.5797101449275363,3003.616666666667,2932.6428571428573,2853.3478260869565,NaN,NaN,NaN,NaN,NaN,NaN
250000,200,200,200,2992.557213930348,2990.497512437811,0.6865671641791045,0.6865671641791045,Infinity,Infinity,-1,0,-1,200,0,1,-1,-1,-1,-1,0,NaN,0.7391304347826086,0.6712328767123288,0.6440677966101694,2979.4347826086955,3001.5068493150684,3006.9491525423728,NaN,NaN,NaN,NaN,NaN,NaN
300000,200,200,200,2986.407035175879,2984.3417085427136,0.6834170854271356,0.6834170854271356,Infinity,Infinity,-1,0,-1,200,0,1,-1,-1,-1,-1,0,NaN,0.703125,0.7402597402597403,0.5862068965517241,3067.921875,2996.5324675324673,2893.1724137931033,NaN,NaN,NaN,NaN,NaN,NaN
350000,200,200,200,2949.273631840796,2947.233830845771,0.7562189054726368,0.7562189054726368,Infinity,Infinity,-1,0,-1,200,0,1,-1,-1,-1,-1,0,NaN,0.7407407407407407,0.7962962962962963,0.7424242424242424,2916.8395061728397,2957,2991.787878787879,NaN,NaN,NaN,NaN,NaN,NaN
400000,200,200,200,2977.7574257425745,2975.6930693069307,0.7277227722772277,0.7277227722772277,Infinity,Infinity,-1,0,-1,200,0,1,-1,-1,-1,-1,0,NaN,0.7361111111111112,0.676056338028169,0.7796610169491526,2945.8611111111113,3015.3802816901407,2981.5423728813557,NaN,NaN,NaN,NaN,NaN,NaN
450000,200,200,200,2926.217171717172,2924.1414141414143,0.7777777777777778,0.7777777777777778,Infinity,Infinity,-1,0,-1,200,0,1,-1,-1,-1,-1,0,NaN,0.7903225806451613,0.7571428571428571,0.7878787878787878,2906.9193548387098,2914.057142857143,2966.060606060606,NaN,NaN,NaN,NaN,NaN,NaN
500000,200,200,200,2966.311557788945,2964.2713567839196,0.8442211055276382,0.8442211055276382,Infinity,Infinity,-1,0,-1,200,0,1,-1,-1,-1,-1,0,NaN,0.8787878787878788,0.8333333333333334,0.821917808219178,2973.621212121212,2945.2833333333333,2985.068493150685,NaN,NaN,NaN,NaN,NaN,NaN
550000,200,200,200,2974.5,2972.465,0.835,0.835,Infinity,Infinity,-1,0,-1,200,0,1,-1,-1,-1,-1,0,NaN,0.8333333333333334,0.8225806451612904,0.8472222222222222,3032.7272727272725,2929.548387096774,2968.097222222222,NaN,NaN,NaN,NaN,NaN,NaN
600000,200,200,200,2979.7425742574255,2977.668316831683,0.8910891089108911,0.8910891089108911,Infinity,Infinity,-1,0,-1,200,0,1,-1,-1,-1,-1,0,NaN,0.9482758620689655,0.8840579710144928,0.8533333333333334,3031.137931034483,2925.768115942029,2997.5733333333333,NaN,NaN,NaN,NaN,NaN,NaN
650000,200,200,200,2958.040404040404,2955.9949494949497,0.9393939393939394,0.9393939393939394,Infinity,Infinity,-1,0,-1,200,0,1,-1,-1,-1,-1,0,NaN,0.9545454545454546,0.9154929577464789,0.9508196721311475,2975.121212121212,2929.521126760563,2982.377049180328,NaN,NaN,NaN,NaN,NaN,NaN
700000,200,200,200,2962,2959.92,0.96,0.96,Infinity,Infinity,-1,0,-1,200,0,1,-1,-1,-1,-1,0,NaN,0.9333333333333333,0.971830985915493,0.9710144927536232,3015.266666666667,2913.957746478873,2973.5942028985505,NaN,NaN,NaN,NaN,NaN,NaN
750000,200,200,200,2967.18407960199,2965.1094527363184,0.9303482587064676,0.9303482587064676,Infinity,Infinity,-1,0,-1,200,0,1,-1,-1,-1,-1,0,NaN,0.9315068493150684,0.9242424242424242,0.9354838709677419,2953.5342465753424,3014.4545454545455,2942.435483870968,NaN,NaN,NaN,NaN,NaN,NaN
800000,200,200,200,2990.43216080402,2988.3768844221104,0.9597989949748744,0.9597989949748744,Infinity,Infinity,-1,0,-1,200,0,1,-1,-1,-1,-1,0,NaN,0.9871794871794872,0.96,0.9130434782608695,3023.6153846153848,3006.9333333333334,2920,NaN,NaN,NaN,NaN,NaN,NaN
850000,200,200,200,2949.5,2947.41,0.975,0.975,Infinity,Infinity,-1,0,-1,200,0,1,-1,-1,-1,-1,0,NaN,0.9682539682539683,1,0.9552238805970149,2906.9523809523807,2976.9142857142856,2969.5522388059703,NaN,NaN,NaN,NaN,NaN,NaN
900000,200,200,200,2946.2010050251256,2944.1507537688444,0.9748743718592965,0.9748743718592965,Infinity,Infinity,-1,0,-1,200,0,1,-1,-1,-1,-1,0,NaN,0.9836065573770492,0.95,0.9871794871794872,2984.032786885246,2921.883333333333,2942.846153846154,NaN,NaN,NaN,NaN,NaN,NaN
950000,200,200,200,2955.741293532338,2953.6965174129355,0.9850746268656716,0.9850746268656716,Infinity,Infinity,-1,0,-1,200,0,1,-1,-1,-1,-1,0,NaN,1,0.9753086419753086,0.9824561403508771,2973.6031746031745,2941.5555555555557,2966.5789473684213,NaN,NaN,NaN,NaN,NaN,NaN
1000000,200,200,200,2951.5247524752476,2949.470297029703,0.995049504950495,0.995049504950495,Infinity,Infinity,-1,0,-1,200,0,1,-1,-1,-1,-1,0,NaN,1,1,0.9827586206896551,3008.3521126760565,2875.4520547945203,2987.9655172413795,NaN,NaN,NaN,NaN,NaN,NaN
1050000,200,200,200,2955.510101010101,2953.4343434343436,1,1,Infinity,Infinity,-1,0,-1,200,0,1,-1,-1,-1,-1,0,NaN,1,1,1,2890.689189189189,3022.546875,2973.6,NaN,NaN,NaN,NaN,NaN,NaN
1100000,200,200,200,2880.5,2878.43,1,1,Infinity,Infinity,-1,0,-1,200,0,1,-1,-1,-1,-1,0,NaN,1,1,1,2888.8524590163934,2916.788732394366,2843.735294117647,NaN,NaN,NaN,NaN,NaN,NaN
1150000,200,200,200,2959.99,2957.935,0.99,0.99,Infinity,Infinity,-1,0,-1,200,0,1,-1,-1,-1,-1,0,NaN,1,0.9655172413793104,1,2976.957142857143,2889.706896551724,3008.2916666666665,NaN,NaN,NaN,NaN,NaN,NaN
1200000,200,200,200,2910.399014778325,2908.35960591133,0.9753694581280788,0.9753694581280788,Infinity,Infinity,-1,0,-1,200,0,1,-1,-1,-1,-1,0,NaN,0.9672131147540983,0.9876543209876543,0.9672131147540983,2865.967213114754,2926.6913580246915,2943.0491803278687,NaN,NaN,NaN,NaN,NaN,NaN
1250000,200,200,200,2949.1725888324872,2947.1370558375634,0.9695431472081218,0.9695431472081218,Infinity,Infinity,-1,0,-1,200,0,1,-1,-1,-1,-1,0,NaN,0.9655172413793104,0.9344262295081968,1,2922.5,2903.688524590164,3012.0641025641025,NaN,NaN,NaN,NaN,NaN,NaN
1300000,200,200,200,2896.039800995025,2893.960199004975,0.9651741293532339,0.9651741293532339,Infinity,Infinity,-1,0,-1,200,0,1,-1,-1,-1,-1,0,NaN,0.9661016949152542,0.9861111111111112,0.9428571428571428,2883.1525423728813,2959.722222222222,2849.8,NaN,NaN,NaN,NaN,NaN,NaN
1350000,200,200,200,2936.8358208955224,2934.8009950248756,0.9601990049751243,0.9601990049751243,Infinity,Infinity,-1,0,-1,200,0,1,-1,-1,-1,-1,0,NaN,0.9682539682539683,0.9861111111111112,0.9242424242424242,2905.3809523809523,2943.0694444444443,2969.090909090909,NaN,NaN,NaN,NaN,NaN,NaN
1400000,200,200,200,2960.060606060606,2957.979797979798,0.8838383838383839,0.8838383838383839,Infinity,Infinity,-1,0,-1,200,0,1,-1,-1,-1,-1,0,NaN,0.9264705882352942,0.8513513513513513,0.875,3040.75,2913.689189189189,2933.7321428571427,NaN,NaN,NaN,NaN,NaN,NaN
1450000,200,200,200,2941.313432835821,2939.258706467662,0.9054726368159204,0.9054726368159204,Infinity,Infinity,-1,0,-1,200,0,1,-1,-1,-1,-1,0,NaN,0.8571428571428571,0.9444444444444444,0.9152542372881356,2884.1285714285714,2950,3008.6271186440677,NaN,NaN,NaN,NaN,NaN,NaN
1500000,200,200,200,2985.5,2983.435,0.91,0.91,Infinity,Infinity,-1,0,-1,200,0,1,-1,-1,-1,-1,0,NaN,0.8524590163934426,0.9523809523809523,0.9210526315789473,3065.9508196721313,2983.15873015873,2930.592105263158,NaN,NaN,NaN,NaN,NaN,NaN
1550000,200,200,200,2978.495,2976.41,0.795,0.795,Infinity,Infinity,-1,0,-1,200,0,1,-1,-1,-1,-1,0,NaN,0.7692307692307693,0.8,0.8153846153846154,2973.076923076923,2964.0714285714284,3008.4461538461537,NaN,NaN,NaN,NaN,NaN,NaN
1600000,200,200,200,2934.5,2932.445,0.8,0.8,Infinity,Infinity,-1,0,-1,200,0,1,-1,-1,-1,-1,0,NaN,0.7808219178082192,0.7894736842105263,0.8285714285714286,2876.821917808219,2984.1754385964914,2962.6714285714284,NaN,NaN,NaN,NaN,NaN,NaN
1650000,200,200,200,2964,2961.915,0.735,0.735,Infinity,Infinity,-1,0,-1,200,0,1,-1,-1,-1,-1,0,NaN,0.6984126984126984,0.7384615384615385,0.7638888888888888,2926.0158730158732,3056.153846153846,2922.2361111111113,NaN,NaN,NaN,NaN,NaN,NaN
1700000,200,200,200,2929.1256281407036,2927.0603015075376,0.7638190954773869,0.7638190954773869,Infinity,Infinity,-1,0,-1,200,0,1,-1,-1,-1,-1,0,NaN,0.8026315789473685,0.6666666666666666,0.8166666666666667,2958.2763157894738,2881.5555555555557,2951.9333333333334,NaN,NaN,NaN,NaN,NaN,NaN
1750000,200,200,200,2928.6231155778896,2926.56783919598,0.6934673366834171,0.6934673366834171,Infinity,Infinity,-1,0,-1,200,0,1,-1,-1,-1,-1,0,NaN,0.6486486486486487,0.6714285714285714,0.7818181818181819,2917.7702702702704,2929.8,2952.4363636363637,NaN,NaN,NaN,NaN,NaN,NaN
1800000,200,200,200,3007.995,3005.915,0.675,0.675,Infinity,Infinity,-1,0,-1,200,0,1,-1,-1,-1,-1,0,NaN,0.6438356164383562,0.7333333333333333,0.6567164179104478,3011.041095890411,2998.633333333333,3021.910447761194,NaN,NaN,NaN,NaN,NaN,NaN
1850000,200,200,200,2939.1485148514853,2937.0940594059407,0.6435643564356436,0.6435643564356436,Infinity,Infinity,-1,0,-1,200,0,1,-1,-1,-1,-1,0,NaN,0.647887323943662,0.6031746031746031,0.6764705882352942,2974.56338028169,2987.9206349206347,2865.8088235294117,NaN,NaN,NaN,NaN,NaN,NaN
1900000,200,200,200,2903,2900.91,0.595,0.595,Infinity,Infinity,-1,0,-1,200,0,1,-1,-1,-1,-1,0,NaN,0.5822784810126582,0.6190476190476191,0.5862068965517241,2928.481012658228,2859.3174603174602,2925.9310344827586,NaN,NaN,NaN,NaN,NaN,NaN
1950000,200,200,200,2884.808080808081,2882.742424242424,0.5808080808080808,0.5808080808080808,Infinity,Infinity,-1,0,-1,200,0,1,-1,-1,-1,-1,0,NaN,0.5555555555555556,0.6212121212121212,0.5652173913043478,2948.222222222222,2841.818181818182,2876.521739130435,NaN,NaN,NaN,NaN,NaN,NaN
2000000,200,200,200,2944.3891625615765,2942.3251231527092,0.5024630541871922,0.5024630541871922,Infinity,Infinity,-1,0,-1,200,0,1,-1,-1,-1,-1,0,NaN,0.5735294117647058,0.3972602739726027,0.5483870967741935,2970.1911764705883,2956.27397260274,2911.8387096774195,NaN,NaN,NaN,NaN,NaN,NaN
2050000,200,200,200,2960.281407035176,2958.2311557788944,0.542713567839196,0.542713567839196,Infinity,Infinity,-1,0,-1,200,0,1,-1,-1,-1,-1,0,NaN,0.5833333333333334,0.5428571428571428,0.49122807017543857,2929.2083333333335,3011.2428571428572,2947.3333333333335,NaN,NaN,NaN,NaN,NaN,NaN
2100000,200,200,200,2881.889447236181,2879.819095477387,0.45226130653266333,0.45226130653266333,Infinity,Infinity,-1,0,-1,200,0,1,-1,-1,-1,-1,0,NaN,0.4722222222222222,0.4444444444444444,0.43636363636363634,2802.8194444444443,2890.3194444444443,2985.1454545454544,NaN,NaN,NaN,NaN,NaN,NaN
2150000,200,200,200,2974.35175879397,2972.281407035176,0.4321608040201005,0.4321608040201005,Infinity,Infinity,-1,0,-1,200,0,1,-1,-1,-1,-1,0,NaN,0.4939759036144578,0.41818181818181815,0.36065573770491804,3017.8072289156626,2879.690909090909,3010.27868852459,NaN,NaN,NaN,NaN,NaN,NaN
2200000,200,200,200,2967.1741293532336,2965.094527363184,0.32338308457711445,0.32338308457711445,Infinity,Infinity,-1,0,-1,200,0,1,-1,-1,-1,-1,0,NaN,0.3333333333333333,0.38571428571428573,0.2535211267605634,2920.3166666666666,3048.3714285714286,2935.1267605633802,NaN,NaN,NaN,NaN,NaN,NaN
2250000,200,200,200,2962.286432160804,2960.2261306532664,0.32663316582914576,0.32663316582914576,Infinity,Infinity,-1,0,-1,200,0,1,-1,-1,-1,-1,0,NaN,0.2413793103448276,0.24615384615384617,0.4605263157894737,3084.5344827586205,2933.1384615384613,2901.7105263157896,NaN,NaN,NaN,NaN,NaN,NaN
2300000,200,200,200,2934.6881188118814,2932.6188118811883,0.3316831683168317,0.3316831683168317,Infinity,Infinity,-1,0,-1,200,0,1,-1,-1,-1,-1,0,NaN,0.2903225806451613,0.3382352941176471,0.3611111111111111,2916.6129032258063,2967.25,2927.8333333333335,NaN,NaN,NaN,NaN,NaN,NaN
2350000,200,200,200,2967.995,2965.93,0.245,0.245,Infinity,Infinity,-1,0,-1,200,0,1,-1,-1,-1,-1,0,NaN,0.2857142857142857,0.22641509433962265,0.21428571428571427,2949.818181818182,2888.1132075471696,3057,NaN,NaN,NaN,NaN,NaN,NaN
2400000,200,200,200,2961.788944723618,2959.7236180904524,0.27638190954773867,0.27638190954773867,Infinity,Infinity,-1,0,-1,200,0,1,-1,-1,-1,-1,0,NaN,0.2777777777777778,0.23943661971830985,0.3108108108108108,3034.740740740741,2878.8169014084506,2996.175675675676,NaN,NaN,NaN,NaN,NaN,NaN
2450000,200,200,200,2972.995,2970.895,0.16,0.16,Infinity,Infinity,-1,0,-1,200,0,1,-1,-1,-1,-1,0,NaN,0.1527777777777778,0.11940298507462686,0.21311475409836064,3004.1944444444443,2932.3582089552237,2990.5737704918033,NaN,NaN,NaN,NaN,NaN,NaN
2500000,200,200,200,3014.8374384236454,3012.768472906404,0.1625615763546798,0.1625615763546798,Infinity,Infinity,-1,0,-1,200,0,1,-1,-1,-1,-1,0,NaN,0.18292682926829268,0.14285714285714285,0.15517241379310345,3100.878048780488,2903.809523809524,3024.2241379310344,NaN,NaN,NaN,NaN,NaN,NaN
2550000,200,200,200,3011.6142131979695,3009.532994923858,0.09137055837563451,0.09137055837563451,Infinity,Infinity,-1,0,-1,200,0,1,-1,-1,-1,-1,0,NaN,0.07462686567164178,0.07462686567164178,0.12698412698412698,2987.582089552239,3069.686567164179,2984.777777777778,NaN,NaN,NaN,NaN,NaN,NaN
2600000,200,200,200,2943.1959798994976,2941.115577889447,0.11557788944723618,0.11557788944723618,Infinity,Infinity,-1,0,-1,200,0,1,-1,-1,-1,-1,0,NaN,0.0410958904109589,0.16666666666666666,0.1527777777777778,2952.205479452055,2995.8703703703704,2902.8194444444443,NaN,NaN,NaN,NaN,NaN,NaN
2650000,200,200,200,2953.5,2951.46,0.08,0.08,Infinity,Infinity,-1,0,-1,200,0,1,-1,-1,-1,-1,0,NaN,0.08823529411764706,0.06944444444444445,0.08333333333333333,2923.1617647058824,3016.722222222222,2922,NaN,NaN,NaN,NaN,NaN,NaN
2700000,200,200,200,2947.559405940594,2945.5,0.07425742574257425,0.07425742574257425,Infinity,Infinity,-1,0,-1,200,0,1,-1,-1,-1,-1,0,NaN,0.06557377049180328,0.05063291139240506,0.11290322580645161,2898.7704918032787,2969.012658227848,2977.951612903226,NaN,NaN,NaN,NaN,NaN,NaN
2750000,200,200,200,2978.242424242424,2976.1717171717173,0.05555555555555555,0.05555555555555555,Infinity,Infinity,-1,0,-1,200,0,1,-1,-1,-1,-1,0,NaN,0.07936507936507936,0.05,0.03636363636363636,3056.2063492063494,2935.75,2961.5454545454545,NaN,NaN,NaN,NaN,NaN,NaN
2800000,200,200,200,2926.3880597014927,2924.3283582089553,0.04477611940298507,0.04477611940298507,Infinity,Infinity,-1,0,-1,200,0,1,-1,-1,-1,-1,0,NaN,0.058823529411764705,0.07042253521126761,0,2879.0588235294117,2914.0281690140846,3002.1612903225805,NaN,NaN,NaN,NaN,NaN,NaN
2850000,200,200,200,2942.495,2940.45,0.035,0.035,Infinity,Infinity,-1,0,-1,200,0,1,-1,-1,-1,-1,0,NaN,0.05128205128205128,0,0.05084745762711865,2942.8846153846152,2967.3174603174602,2925.64406779661,NaN,NaN,NaN,NaN,NaN,NaN
2900000,200,200,200,2934.8457711442784,2932.81592039801,0.024875621890547265,0.024875621890547265,Infinity,Infinity,-1,0,-1,200,0,1,-1,-1,-1,-1,0,NaN,0.043478260869565216,0,0.02702702702702703,2927.289855072464,2934.5862068965516,2950.2432432432433,NaN,NaN,NaN,NaN,NaN,NaN
2950000,200,200,200,2929.757575757576,2927.712121212121,0.010101010101010102,0.010101010101010102,Infinity,Infinity,-1,0,-1,200,0,1,-1,-1,-1,-1,0,NaN,0.03225806451612903,0,0,2923.1290322580644,2949.4657534246576,2922.873015873016,NaN,NaN,NaN,NaN,NaN,NaN
3000000,200,200,200,2913.452736318408,2911.373134328358,0,0,Infinity,Infinity,-1,0,-1,200,0,1,-1,-1,-1,-1,NaN,NaN,0,0,0,2918.6666666666665,2940.8028169014083,2889.8571428571427,NaN,NaN,NaN,NaN,NaN,NaN
3050000,200,200,200,2936.5,2934.475,0,0,Infinity,Infinity,-1,0,-1,200,0,1,-1,-1,-1,-1,NaN,NaN,0,0,0,2904.1014492753625,2868.0169491525426,3032,NaN,NaN,NaN,NaN,NaN,NaN
3100000,200,200,200,2935.8407960199006,2933.791044776119,0,0,Infinity,Infinity,-1,0,-1,200,0,1,-1,-1,-1,-1,NaN,NaN,0,0,0,2955.3333333333335,2910.125,2949.8571428571427,NaN,NaN,NaN,NaN,NaN,NaN
3150000,200,200,200,2942.6934673366836,2940.608040201005,0.005025125628140704,0.005025125628140704,Infinity,Infinity,-1,0,-1,200,0,1,-1,-1,-1,-1,0,NaN,0,0.014285714285714285,0,3014.936507936508,2921.285714285714,2905.4848484848485,NaN,NaN,NaN,NaN,NaN,NaN
3200000,200,200,200,3008.5,3006.455,0.02,0.02,Infinity,Infinity,-1,0,-1,200,0,1,-1,-1,-1,-1,0,NaN,0,0.015384615384615385,0.04,3027,2957.769230769231,3045.653333333333,NaN,NaN,NaN,NaN,NaN,NaN
3250000,200,200,200,2913.5,2911.425,0.04,0.04,Infinity,Infinity,-1,0,-1,200,0,1,-1,-1,-1,-1,0,NaN,0.04225352112676056,0.03225806451612903,0.04477611940298507,2933.760563380282,2902.1612903225805,2911.4776119402986,NaN,NaN,NaN,NaN,NaN,NaN
3300000,200,200,200,2940.81592039801,2938.7562189054725,0.024875621890547265,0.024875621890547265,Infinity,Infinity,-1,0,-1,200,0,1,-1,-1,-1,-1,0,NaN,0.01282051282051282,0,0.06153846153846154,2915.974358974359,3005.2758620689656,2922.3846153846152,NaN,NaN,NaN,NaN,NaN,NaN
3350000,200,200,200,2986.407035175879,2984.3366834170856,0.04522613065326633,0.04522613065326633,Infinity,Infinity,-1,0,-1,200,0,1,-1,-1,-1,-1,0,NaN,0,0.09375,0.04285714285714286,2942.3846153846152,3024.171875,3001.2714285714287,NaN,NaN,NaN,NaN,NaN,NaN
3400000,200,200,200,2973.5,2971.425,0.125,0.125,Infinity,Infinity,-1,0,-1,200,0,1,-1,-1,-1,-1,0,NaN,0.08450704225352113,0.16129032258064516,0.13432835820895522,2937.9718309859154,2984.4193548387098,3009.955223880597,NaN,NaN,NaN,NaN,NaN,NaN
3450000,200,200,200,2967,2964.96,0.085,0.085,Infinity,Infinity,-1,0,-1,200,0,1,-1,-1,-1,-1,0,NaN,0.11864406779661017,0.07246376811594203,0.06944444444444445,2993.4406779661017,2982.3623188405795,2938.9305555555557,NaN,NaN,NaN,NaN,NaN,NaN
3500000,200,200,200,3013.452736318408,3011.402985074627,0.0945273631840796,0.0945273631840796,Infinity,Infinity,-1,0,-1,200,0,1,-1,-1,-1,-1,0,NaN,0.09859154929577464,0.11940298507462686,0.06349206349206349,3032.3521126760565,3041.3283582089553,2972.0793650793653,NaN,NaN,NaN,NaN,NaN,NaN
3550000,200,200,200,2921.5,2919.45,0.14,0.14,Infinity,Infinity,-1,0,-1,200,0,1,-1,-1,-1,-1,0,NaN,0.15942028985507245,0.12162162162162163,0.14035087719298245,2880.8840579710145,2958.337837837838,2933.315789473684,NaN,NaN,NaN,NaN,NaN,NaN
3600000,200,200,200,2919.577889447236,2917.547738693467,0.17587939698492464,0.17587939698492464,Infinity,Infinity,-1,0,-1,200,0,1,-1,-1,-1,-1,0,NaN,0.15151515151515152,0.14516129032258066,0.22535211267605634,2881.2272727272725,2903.7741935483873,2977.4225352112676,NaN,NaN,NaN,NaN,NaN,NaN
3650000,200,200,200,2955.2437810945275,2953.194029850746,0.21890547263681592,0.21890547263681592,Infinity,Infinity,-1,0,-1,200,0,1,-1,-1,-1,-1,0,NaN,0.19444444444444445,0.23214285714285715,0.2328767123287671,2956.9861111111113,2948.035714285714,2967.2602739726026,NaN,NaN,NaN,NaN,NaN,NaN
3700000,200,200,200,2949,2946.96,0.215,0.215,Infinity,Infinity,-1,0,-1,200,0,1,-1,-1,-1,-1,0,NaN,0.21212121212121213,0.18421052631578946,0.25862068965517243,2982.757575757576,2938.565789473684,2934.5689655172414,NaN,NaN,NaN,NaN,NaN,NaN
3750000,200,200,200,2936.1608040201004,2934.0904522613064,0.24120603015075376,0.24120603015075376,Infinity,Infinity,-1,0,-1,200,0,1,-1,-1,-1,-1,0,NaN,0.2077922077922078,0.3148148148148148,0.22058823529411764,2929.051948051948,2949.5555555555557,2942.294117647059,NaN,NaN,NaN,NaN,NaN,NaN
3800000,200,200,200,2961.7114427860697,2959.6567164179105,0.38308457711442784,0.38308457711442784,Infinity,Infinity,-1,0,-1,200,0,1,-1,-1,-1,-1,0,NaN,0.4,0.37142857142857144,0.3787878787878788,2966.9692307692308,2989.8285714285716,2935.787878787879,NaN,NaN,NaN,NaN,NaN,NaN
3850000,200,200,200,2931.5,2929.445,0.33,0.33,Infinity,Infinity,-1,0,-1,200,0,1,-1,-1,-1,-1,0,NaN,0.375,0.2571428571428571,0.3620689655172414,2947.2361111111113,2935.557142857143,2917.3275862068967,NaN,NaN,NaN,NaN,NaN,NaN
3900000,200,200,200,2932.99,2930.935,0.39,0.39,Infinity,Infinity,-1,0,-1,200,0,1,-1,-1,-1,-1,0,NaN,0.4098360655737705,0.44285714285714284,0.3188405797101449,2957.8032786885246,2936.9857142857145,2915.68115942029,NaN,NaN,NaN,NaN,NaN,NaN
3950000,200,200,200,2941,2938.955,0.46,0.46,Infinity,Infinity,-1,0,-1,200,0,1,-1,-1,-1,-1,0,NaN,0.4605263157894737,0.46835443037974683,0.4444444444444444,2947.7631578947367,2984.1898734177216,2867,NaN,NaN,NaN,NaN,NaN,NaN
4000000,200,200,200,2964,2961.915,0.455,0.455,Infinity,Infinity,-1,0,-1,200,0,1,-1,-1,-1,-1,0,NaN,0.4626865671641791,0.4520547945205479,0.45,2963.6716417910447,2911.054794520548,3038.6,NaN,NaN,NaN,NaN,NaN,NaN
4050000,200,200,200,2985.904522613065,2983.8643216080404,0.5276381909547738,0.5276381909547738,Infinity,Infinity,-1,0,-1,200,0,1,-1,-1,-1,-1,0,NaN,0.5,0.5416666666666666,0.5373134328358209,2948.6666666666665,2994.472222222222,3018.9253731343283,NaN,NaN,NaN,NaN,NaN,NaN
4100000,200,200,200,2973.1542288557216,2971.0746268656717,0.6218905472636815,0.6218905472636815,Infinity,Infinity,-1,0,-1,200,0,1,-1,-1,-1,-1,0,NaN,0.6956521739130435,0.5538461538461539,0.6119402985074627,3043.1884057971015,2906.9846153846156,2974.10447761194,NaN,NaN,NaN,NaN,NaN,NaN
4150000,200,200,200,2938.673366834171,2936.6331658291456,0.5979899497487438,0.5979899497487438,Infinity,Infinity,-1,0,-1,200,0,1,-1,-1,-1,-1,0,NaN,0.6231884057971014,0.625,0.5540540540540541,2928.7246376811595,2944.5,2951.5405405405404,NaN,NaN,NaN,NaN,NaN,NaN
4200000,200,200,200,2914.945273631841,2912.905472636816,0.6865671641791045,0.6865671641791045,Infinity,Infinity,-1,0,-1,200,0,1,-1,-1,-1,-1,0,NaN,0.7402597402597403,0.7142857142857143,0.6029411764705882,2903.090909090909,2885.5535714285716,2961.3676470588234,NaN,NaN,NaN,NaN,NaN,NaN
4250000,200,200,200,2934.8457711442784,2932.7960199004974,0.6766169154228856,0.6766169154228856,Infinity,Infinity,-1,0,-1,200,0,1,-1,-1,-1,-1,0,NaN,0.6865671641791045,0.6891891891891891,0.65,2917.402985074627,2971.8513513513512,2918.6,NaN,NaN,NaN,NaN,NaN,NaN
4300000,200,200,200,2955.753768844221,2953.6934673366836,0.7135678391959799,0.7135678391959799,Infinity,Infinity,-1,0,-1,200,0,1,-1,-1,-1,-1,0,NaN,0.7466666666666667,0.6774193548387096,0.7096774193548387,2940.306666666667,2992.4032258064517,2947.2903225806454,NaN,NaN,NaN,NaN,NaN,NaN
4350000,200,200,200,3053.995,3051.93,0.805,0.805,Infinity,Infinity,-1,0,-1,200,0,1,-1,-1,-1,-1,0,NaN,0.7692307692307693,0.8333333333333334,0.8115942028985508,3046.9384615384615,3122.1060606060605,3004.014492753623,NaN,NaN,NaN,NaN,NaN,NaN
4400000,200,200,200,3001,2998.95,0.82,0.82,Infinity,Infinity,-1,0,-1,200,0,1,-1,-1,-1,-1,0,NaN,0.828125,0.7837837837837838,0.8548387096774194,2989.765625,2997.527027027027,3026.2741935483873,NaN,NaN,NaN,NaN,NaN,NaN
4450000,200,200,200,2900.9798994974876,2898.9095477386936,0.8090452261306532,0.8090452261306532,Infinity,Infinity,-1,0,-1,200,0,1,-1,-1,-1,-1,0,NaN,0.7733333333333333,0.828125,0.8333333333333334,2882.9733333333334,2924.09375,2908.5666666666666,NaN,NaN,NaN,NaN,NaN,NaN
4500000,200,200,200,3002,2999.94,0.855,0.855,Infinity,Infinity,-1,0,-1,200,0,1,-1,-1,-1,-1,0,NaN,0.863013698630137,0.8135593220338984,0.8823529411764706,2987.780821917808,2983.2203389830506,3042.235294117647,NaN,NaN,NaN,NaN,NaN,NaN
4550000,200,200,200,2985,2982.935,0.89,0.89,Infinity,Infinity,-1,0,-1,200,0,1,-1,-1,-1,-1,0,NaN,0.8769230769230769,0.8888888888888888,0.9047619047619048,2930.0307692307692,3044.402777777778,2983.1428571428573,NaN,NaN,NaN,NaN,NaN,NaN
4600000,200,200,200,2985.402010050251,2983.3467336683416,0.8844221105527639,0.8844221105527639,Infinity,Infinity,-1,0,-1,200,0,1,-1,-1,-1,-1,0,NaN,0.9014084507042254,0.875,0.875,2977.394366197183,3036.625,2952.25,NaN,NaN,NaN,NaN,NaN,NaN
4650000,200,200,200,2967.054187192118,2964.985221674877,0.9211822660098522,0.9211822660098522,Infinity,Infinity,-1,0,-1,200,0,1,-1,-1,-1,-1,0,NaN,0.9142857142857143,0.9032258064516129,0.9436619718309859,2925.5285714285715,2979.5,3005.521126760563,NaN,NaN,NaN,NaN,NaN,NaN
4700000,200,200,200,2920.3214285714284,2918.2755102040815,0.9438775510204082,0.9438775510204082,Infinity,Infinity,-1,0,-1,200,0,1,-1,-1,-1,-1,0,NaN,0.9354838709677419,0.9642857142857143,0.9358974358974359,2898.8870967741937,2989.035714285714,2895.448717948718,NaN,NaN,NaN,NaN,NaN,NaN
4750000,200,200,200,2947.349753694581,2945.3004926108374,0.9458128078817734,0.9458128078817734,Infinity,Infinity,-1,0,-1,200,0,1,-1,-1,-1,-1,0,NaN,1,0.9166666666666666,0.9245283018867925,2975.151515151515,2933.154761904762,2946.5283018867926,NaN,NaN,NaN,NaN,NaN,NaN
4800000,200,200,200,2999.995,2997.91,0.97,0.97,Infinity,Infinity,-1,0,-1,200,0,1,-1,-1,-1,-1,0,NaN,0.9577464788732394,0.9682539682539683,0.9848484848484849,2963.211267605634,3005.3174603174602,3043.318181818182,NaN,NaN,NaN,NaN,NaN,NaN
4850000,200,200,200,2955.758793969849,2953.7035175879396,0.9899497487437185,0.9899497487437185,Infinity,Infinity,-1,0,-1,200,0,1,-1,-1,-1,-1,0,NaN,0.9846153846153847,0.9836065573770492,1,2923.892307692308,2972.5081967213114,2978.1643835616437,NaN,NaN,NaN,NaN,NaN,NaN
4900000,200,200,200,2968.49,2966.425,0.995,0.995,Infinity,Infinity,-1,0,-1,200,0,1,-1,-1,-1,-1,0,NaN,1,0.9841269841269841,1,2900.483870967742,2967.253968253968,3033.5733333333333,NaN,NaN,NaN,NaN,NaN,NaN
4950000,200,200,200,2955.741293532338,2953.6915422885572,1,1,Infinity,Infinity,-1,0,-1,200,0,1,-1,-1,-1,-1,0,NaN,1,1,1,2995.986301369863,2944.5974025974024,2926.5882352941176,NaN,NaN,NaN,NaN,NaN,NaN
5000000,200,200,200,2967.995,2965.95,1,1,Infinity,Infinity,-1,0,-1,200,0,1,-1,-1,-1,-1,0,NaN,1,1,1,2980.169014084507,2976.589285714286,2957.6575342465753,NaN,NaN,NaN,NaN,NaN,NaN
5050000,200,200,200,2974.0507614213197,2971.9898477157362,1,1,Infinity,Infinity,-1,0,-1,200,0,1,-1,-1,-1,-1,0,NaN,1,1,1,2936.7719298245615,3074.7118644067796,2934.1111111111113,NaN,NaN,NaN,NaN,NaN,NaN
5100000,200,200,200,2978.2718446601943,2976.1941747572814,0.9951456310679612,0.9951456310679612,Infinity,Infinity,-1,0,-1,200,0,1,-1,-1,-1,-1,0,NaN,1,1,0.9868421052631579,2989.109589041096,2952.5789473684213,2995.0526315789475,NaN,NaN,NaN,NaN,NaN,NaN
5150000,200,200,200,2946.1269035532996,2944.0507614213197,0.9847715736040609,0.9847715736040609,Infinity,Infinity,-1,0,-1,200,0,1,-1,-1,-1,-1,0,NaN,0.9836065573770492,0.9859154929577465,0.9846153846153847,2888.934426229508,3005.478873239437,2943.8307692307694,NaN,NaN,NaN,NaN,NaN,NaN
5200000,200,200,200,2955,2952.96,0.98,0.98,Infinity,Infinity,-1,0,-1,200,0,1,-1,-1,-1,-1,0,NaN,0.9736842105263158,0.9672131147540983,1,2942.4605263157896,3010.2622950819673,2926.0158730158732,NaN,NaN,NaN,NaN,NaN,NaN
5250000,200,200,200,2920.0804020100504,2918.0150753768844,0.9849246231155779,0.9849246231155779,Infinity,Infinity,-1,0,-1,200,0,1,-1,-1,-1,-1,0,NaN,1,0.967741935483871,0.987012987012987,2946.9166666666665,2908.5,2916.0779220779223,NaN,NaN,NaN,NaN,NaN,NaN
5300000,200,200,200,2979.7425742574255,2977.6435643564355,0.9554455445544554,0.9554455445544554,Infinity,Infinity,-1,0,-1,200,0,1,-1,-1,-1,-1,0,NaN,0.9459459459459459,0.96875,0.953125,2882.6216216216217,3033.4375,3047.5,NaN,NaN,NaN,NaN,NaN,NaN
5350000,200,200,200,2953.995,2951.92,0.95,0.95,Infinity,Infinity,-1,0,-1,200,0,1,-1,-1,-1,-1,0,NaN,0.9710144927536232,0.9393939393939394,0.9384615384615385,2908.376811594203,2940.2727272727275,3025.369230769231,NaN,NaN,NaN,NaN,NaN,NaN
5400000,200,200,200,2920.5829145728644,2918.532663316583,0.9095477386934674,0.9095477386934674,Infinity,Infinity,-1,0,-1,200,0,1,-1,-1,-1,-1,0,NaN,0.8688524590163934,0.922077922077922,0.9344262295081968,2929.9180327868853,2932.909090909091,2905.311475409836,NaN,NaN,NaN,NaN,NaN,NaN
5450000,200,200,200,2917.065326633166,2915.025125628141,0.9195979899497487,0.9195979899497487,Infinity,Infinity,-1,0,-1,200,0,1,-1,-1,-1,-1,0,NaN,0.9830508474576272,0.8717948717948718,0.9193548387096774,2978.169491525424,2935.1666666666665,2845.6774193548385,NaN,NaN,NaN,NaN,NaN,NaN
5500000,200,200,200,2923.995,2921.945,0.915,0.915,Infinity,Infinity,-1,0,-1,200,0,1,-1,-1,-1,-1,0,NaN,0.9411764705882353,0.9041095890410958,0.8983050847457628,2901.0882352941176,2957.6575342465753,2918.7796610169494,NaN,NaN,NaN,NaN,NaN,NaN
5550000,200,200,200,2983,2980.94,0.85,0.85,Infinity,Infinity,-1,0,-1,200,0,1,-1,-1,-1,-1,0,NaN,0.9193548387096774,0.8285714285714286,0.8088235294117647,2979.516129032258,2997,2980.4117647058824,NaN,NaN,NaN,NaN,NaN,NaN
5600000,200,200,200,2949.268656716418,2947.218905472637,0.7960199004975125,0.7960199004975125,Infinity,Infinity,-1,0,-1,200,0,1,-1,-1,-1,-1,0,NaN,0.8208955223880597,0.7571428571428571,0.8125,2912.955223880597,2916.942857142857,3031.953125,NaN,NaN,NaN,NaN,NaN,NaN
5650000,200,200,200,2939.5,2937.445,0.765,0.765,Infinity,Infinity,-1,0,-1,200,0,1,-1,-1,-1,-1,0,NaN,0.7777777777777778,0.8028169014084507,0.7121212121212122,2935.5238095238096,2983.042253521127,2905.4242424242425,NaN,NaN,NaN,NaN,NaN,NaN
5700000,200,200,200,2950,2947.91,0.765,0.765,Infinity,Infinity,-1,0,-1,200,0,1,-1,-1,-1,-1,0,NaN,0.7142857142857143,0.7719298245614035,0.8082191780821918,2952.6285714285714,3008.7017543859647,2909.6849315068494,NaN,NaN,NaN,NaN,NaN,NaN
5750000,200,200,200,2993.995,2991.93,0.69,0.69,Infinity,Infinity,-1,0,-1,200,0,1,-1,-1,-1,-1,0,NaN,0.6811594202898551,0.6935483870967742,0.6956521739130435,3053.304347826087,2963.3709677419356,2970.753623188406,NaN,NaN,NaN,NaN,NaN,NaN
5800000,200,200,200,2920.910447761194,2918.81592039801,0.681592039800995,0.681592039800995,Infinity,Infinity,-1,0,-1,200,0,1,-1,-1,-1,-1,0,NaN,0.7014925373134329,0.7123287671232876,0.6229508196721312,2887.5223880597014,2890.4931506849316,3003.6393442622953,NaN,NaN,NaN,NaN,NaN,NaN
5850000,200,200,200,2933.9492385786803,2931.903553299492,0.6040609137055838,0.6040609137055838,Infinity,Infinity,-1,0,-1,200,0,1,-1,-1,-1,-1,0,NaN,0.6212121212121212,0.56,0.6428571428571429,2925.121212121212,2937.6666666666665,2949.839285714286,NaN,NaN,NaN,NaN,NaN,NaN
5900000,200,200,200,2956.7363184079604,2954.63184079602,0.5771144278606966,0.5771144278606966,Infinity,Infinity,-1,0,-1,200,0,1,-1,-1,-1,-1,0,NaN,0.6027397260273972,0.5735294117647058,0.55,2975.3972602739727,2999.6176470588234,2895.3166666666666,NaN,NaN,NaN,NaN,NaN,NaN
5950000,200,200,200,2990.054726368159,2987.9800995024875,0.527363184079602,0.527363184079602,Infinity,Infinity,-1,0,-1,200,0,1,-1,-1,-1,-1,0,NaN,0.5142857142857142,0.6031746031746031,0.47058823529411764,2966.957142857143,3006.904761904762,3006.985294117647,NaN,NaN,NaN,NaN,NaN,NaN
6000000,200,200,200,2991.934673366834,2989.859296482412,0.5829145728643216,0.5829145728643216,Infinity,Infinity,-1,0,-1,200,0,1,-1,-1,-1,-1,0,NaN,0.640625,0.5757575757575758,0.5362318840579711,2985.0625,3031.1969696969695,2969.289855072464,NaN,NaN,NaN,NaN,NaN,NaN
6050000,200,200,200,2959.2139303482586,2957.134328358209,0.43283582089552236,0.43283582089552236,Infinity,Infinity,-1,0,-1,200,0,1,-1,-1,-1,-1,0,NaN,0.32075471698113206,0.5428571428571428,0.41025641025641024,2876.7735849056603,2999.8,2986.448717948718,NaN,NaN,NaN,NaN,NaN,NaN
6100000,200,200,200,2964,2961.92,0.445,0.445,Infinity,Infinity,-1,0,-1,200,0,1,-1,-1,-1,-1,0,NaN,0.43243243243243246,0.39344262295081966,0.5076923076923077,2956.945945945946,2956.1639344262294,2988.523076923077,NaN,NaN,NaN,NaN,NaN,NaN
6150000,200,200,200,2985.582089552239,2983.5124378109454,0.3781094527363184,0.3781094527363184,Infinity,Infinity,-1,0,-1,200,0,1,-1,-1,-1,-1,0,NaN,0.31343283582089554,0.4857142857142857,0.328125,2984.597014925373,3022.6714285714284,2955.390625,NaN,NaN,NaN,NaN,NaN,NaN
6200000,200,200,200,2930.1306532663316,2928.075376884422,0.36180904522613067,0.36180904522613067,Infinity,Infinity,-1,0,-1,200,0,1,-1,-1,-1,-1,0,NaN,0.4262295081967213,0.36,0.30158730158730157,2920.098360655738,2969.64,2902.222222222222,NaN,NaN,NaN,NaN,NaN,NaN
6250000,200,200,200,2987.5,2985.465,0.35,0.35,Infinity,Infinity,-1,0,-1,200,0,1,-1,-1,-1,-1,0,NaN,0.3770491803278688,0.3333333333333333,0.34177215189873417,2943.0491803278687,2962,3048.759493670886,NaN,NaN,NaN,NaN,NaN,NaN
6300000,200,200,200,2938.8258706467664,2936.766169154229,0.2935323383084577,0.2935323383084577,Infinity,Infinity,-1,0,-1,200,0,1,-1,-1,-1,-1,0,NaN,0.3548387096774194,0.18840579710144928,0.34285714285714286,2974.7096774193546,3012.782608695652,2842.6857142857143,NaN,NaN,NaN,NaN,NaN,NaN
6350000,200,200,200,2958.0353535353534,2955.9747474747473,0.35353535353535354,0.35353535353535354,Infinity,Infinity,-1,0,-1,200,0,1,-1,-1,-1,-1,0,NaN,0.3787878787878788,0.3466666666666667,0.3333333333333333,2956.9545454545455,2933.6266666666666,3001.719298245614,NaN,NaN,NaN,NaN,NaN,NaN
6400000,200,200,200,2935.5,2933.475,0.24,0.24,Infinity,Infinity,-1,0,-1,200,0,1,-1,-1,-1,-1,0,NaN,0.24242424242424243,0.2,0.288135593220339,2917.590909090909,2978.9866666666667,2910.3898305084745,NaN,NaN,NaN,NaN,NaN,NaN
6450000,200,200,200,2946,2943.94,0.185,0.185,Infinity,Infinity,-1,0,-1,200,0,1,-1,-1,-1,-1,0,NaN,0.2222222222222222,0.1506849315068493,0.18181818181818182,2976.4166666666665,2949.4657534246576,2912.4363636363637,NaN,NaN,NaN,NaN,NaN,NaN
6500000,200,200,200,2946.995,2944.94,0.17,0.17,Infinity,Infinity,-1,0,-1,200,0,1,-1,-1,-1,-1,0,NaN,0.1,0.24285714285714285,0.16666666666666666,2908.4285714285716,2952.7,2995.3166666666666,NaN,NaN,NaN,NaN,NaN,NaN
6550000,200,200,200,2958.726368159204,2956.6915422885572,0.13432835820895522,0.13432835820895522,Infinity,Infinity,-1,0,-1,200,0,1,-1,-1,-1,-1,0,NaN,0.11594202898550725,0.171875,0.11764705882352941,2975.1159420289855,2922.625,2984.9411764705883,NaN,NaN,NaN,NaN,NaN,NaN
6600000,200,200,200,3004,3001.929648241206,0.07537688442211055,0.07537688442211055,Infinity,Infinity,-1,0,-1,200,0,1,-1,-1,-1,-1,0,NaN,0.07462686567164178,0.09230769230769231,0.05970149253731343,3002.5223880597014,3037.769230769231,2981.626865671642,NaN,NaN,NaN,NaN,NaN,NaN
6650000,200,200,200,2962,2959.93,0.075,0.075,Infinity,Infinity,-1,0,-1,200,0,1,-1,-1,-1,-1,0,NaN,0.0625,0.0958904109589041,0.06349206349206349,3044.5,2912.4794520547944,2945.095238095238,NaN,NaN,NaN,NaN,NaN,NaN
6700000,200,200,200,2980.1194029850744,2978.0298507462685,0.04477611940298507,0.04477611940298507,Infinity,Infinity,-1,0,-1,200,0,1,-1,-1,-1,-1,0,NaN,0.08333333333333333,0.018867924528301886,0.02631578947368421,2945.8888888888887,3044.735849056604,2975.4210526315787,NaN,NaN,NaN,NaN,NaN,NaN
6750000,200,200,200,2959.7213930348257,2957.6616915422887,0.04975124378109453,0.04975124378109453,Infinity,Infinity,-1,0,-1,200,0,1,-1,-1,-1,-1,0,NaN,0.04477611940298507,0.04285714285714286,0.0625,2986.10447761194,2954.1428571428573,2947.625,NaN,NaN,NaN,NaN,NaN,NaN
6800000,200,200,200,3005.5075376884424,3003.4422110552764,0.04522613065326633,0.04522613065326633,Infinity,Infinity,-1,0,-1,200,0,1,-1,-1,-1,-1,0,NaN,0.09333333333333334,0.03571428571428571,0,2945.6666666666665,3085.5714285714284,3014.3529411764707,NaN,NaN,NaN,NaN,NaN,NaN
6850000,200,200,200,2982.5,2980.445,0.03,0.03,Infinity,Infinity,-1,0,-1,200,0,1,-1,-1,-1,-1,0,NaN,0.04477611940298507,0.043478260869565216,0,2950.283582089552,2982.3623188405795,3025.75,NaN,NaN,NaN,NaN,NaN,NaN
6900000,200,200,200,2917.065326633166,2915.035175879397,0.010050251256281407,0.010050251256281407,Infinity,Infinity,-1,0,-1,200,0,1,-1,-1,-1,-1,0,NaN,0,0.015873015873015872,0.01694915254237288,2849.8571428571427,2948.2698412698414,2981.576271186441,NaN,NaN,NaN,NaN,NaN,NaN
6950000,200,200,200,2945.708542713568,2943.6532663316584,0.005025125628140704,0.005025125628140704,Infinity,Infinity,-1,0,-1,200,0,1,-1,-1,-1,-1,0,NaN,0,0.015384615384615385,0,2951.4444444444443,2993.1384615384613,2905.5915492957747,NaN,NaN,NaN,NaN,NaN,NaN
7000000,200,200,200,2952.258706467662,2950.18407960199,0,0,Infinity,Infinity,-1,0,-1,200,0,1,-1,-1,-1,-1,NaN,NaN,0,0,0,2960.030303030303,2967.4938271604938,2931.074074074074,NaN,NaN,NaN,NaN,NaN,NaN
7050000,200,200,200,2954.990099009901,2952.9554455445545,0,0,Infinity,Infinity,-1,0,-1,200,0,1,-1,-1,-1,-1,NaN,NaN,0,0,0,2867.27397260274,3011.285714285714,3007,NaN,NaN,NaN,NaN,NaN,NaN
7100000,200,200,200,2946.2060301507536,2944.145728643216,0.005025125628140704,0.005025125628140704,Infinity,Infinity,-1,0,-1,200,0,1,-1,-1,-1,-1,0,NaN,0,0.015873015873015872,0,2922.1363636363635,2984.777777777778,2942.714285714286,NaN,NaN,NaN,NaN,NaN,NaN
7150000,200,200,200,2974.1492537313434,2972.0845771144277,0.01990049751243781,0.01990049751243781,Infinity,Infinity,-1,0,-1,200,0,1,-1,-1,-1,-1,0,NaN,0.014705882352941176,0.027777777777777776,0.01639344262295082,2977.5882352941176,2986.1666666666665,2966.0163934426228,NaN,NaN,NaN,NaN,NaN,NaN
7200000,200,200,200,2952.743718592965,2950.678391959799,0.020100502512562814,0.020100502512562814,Infinity,Infinity,-1,0,-1,200,0,1,-1,-1,-1,-1,0,NaN,0.01694915254237288,0.031746031746031744,0.012987012987012988,2957.8474576271187,2994.3015873015875,2922.5844155844156,NaN,NaN,NaN,NaN,NaN,NaN
7250000,200,200,200,2973.8492462311556,2971.819095477387,0.04020100502512563,0.04020100502512563,Infinity,Infinity,-1,0,-1,200,0,1,-1,-1,-1,-1,0,NaN,0.03278688524590164,0.08620689655172414,0.0125,2975.8360655737706,2979.4137931034484,2975.75,NaN,NaN,NaN,NaN,NaN,NaN
7300000,200,200,200,2986.4120603015076,2984.3668341708544,0.05025125628140704,0.05025125628140704,Infinity,Infinity,-1,0,-1,200,0,1,-1,-1,-1,-1,0,NaN,0.015384615384615385,0.06060606060606061,0.07352941176470588,2925.4615384615386,3061.5454545454545,2980.529411764706,NaN,NaN,NaN,NaN,NaN,NaN
7350000,200,200,200,2925.2871287128714,2923.2178217821784,0.04950495049504951,0.04950495049504951,Infinity,Infinity,-1,0,-1,200,0,1,-1,-1,-1,-1,0,NaN,0.025,0.08333333333333333,0.04838709677419355,2980.75,2863.6666666666665,2923.1290322580644,NaN,NaN,NaN,NaN,NaN,NaN
7400000,200,200,200,2953,2950.915,0.09,0.09,Infinity,Infinity,-1,0,-1,200,0,1,-1,-1,-1,-1,0,NaN,0.07462686567164178,0.11864406779661017,0.08108108108108109,2950.283582089552,2981.5593220338983,2940.7837837837837,NaN,NaN,NaN,NaN,NaN,NaN
7450000,200,200,200,2967.311557788945,2965.246231155779,0.11557788944723618,0.11557788944723618,Infinity,Infinity,-1,0,-1,200,0,1,-1,-1,-1,-1,0,NaN,0.12307692307692308,0.10294117647058823,0.12121212121212122,3025.4461538461537,2973.176470588235,2913.0454545454545,NaN,NaN,NaN,NaN,NaN,NaN
7500000,200,200,200,2953.5049504950493,2951.4158415841584,0.15841584158415842,0.15841584158415842,Infinity,Infinity,-1,0,-1,200,0,1,-1,-1,-1,-1,0,NaN,0.14814814814814814,0.14814814814814814,0.1791044776119403,2894.0185185185187,2941.5185185185187,3024.8805970149256,NaN,NaN,NaN,NaN,NaN,NaN
7550000,200,200,200,2958.5454545454545,2956.469696969697,0.12626262626262627,0.12626262626262627,Infinity,Infinity,-1,0,-1,200,0,1,-1,-1,-1,-1,0,NaN,0.12698412698412698,0.09090909090909091,0.15,2941.904761904762,2921.5272727272727,3004.4875,NaN,NaN,NaN,NaN,NaN,NaN
7600000,200,200,200,2952.5,2950.435,0.155,0.155,Infinity,Infinity,-1,0,-1,200,0,1,-1,-1,-1,-1,0,NaN,0.09859154929577464,0.203125,0.16923076923076924,2966.1408450704225,2967.9375,2931.6153846153848,NaN,NaN,NaN,NaN,NaN,NaN
7650000,200,200,200,2942,2939.965,0.17,0.17,Infinity,Infinity,-1,0,-1,200,0,1,-1,-1,-1,-1,0,NaN,0.13043478260869565,0.22857142857142856,0.14754098360655737,2969.304347826087,2998.4142857142856,2856.1803278688526,NaN,NaN,NaN,NaN,NaN,NaN
7700000,200,200,200,2934.8457711442784,2932.776119402985,0.25870646766169153,0.25870646766169153,Infinity,Infinity,-1,0,-1,200,0,1,-1,-1,-1,-1,0,NaN,0.31746031746031744,0.21428571428571427,0.25,2967.3174603174602,2894.1285714285714,2955.5,NaN,NaN,NaN,NaN,NaN,NaN
7750000,200,200,200,2949.7286432160804,2947.643216080402,0.23115577889447236,0.23115577889447236,Infinity,Infinity,-1,0,-1,200,0,1,-1,-1,-1,-1,0,NaN,0.19298245614035087,0.29850746268656714,0.2,2880.6666666666665,3045.791044776119,2924.32,NaN,NaN,NaN,NaN,NaN,NaN
7800000,200,200,200,2995.5,2993.445,0.27,0.27,Infinity,Infinity,-1,0,-1,200,0,1,-1,-1,-1,-1,0,NaN,0.37735849056603776,0.2714285714285714,0.19480519480519481,3003.2075471698113,3038.4142857142856,2958.9220779220777,NaN,NaN,NaN,NaN,NaN,NaN
7850000,200,200,200,2932.2178217821784,2930.133663366337,0.32673267326732675,0.32673267326732675,Infinity,Infinity,-1,0,-1,200,0,1,-1,-1,-1,-1,0,NaN,0.22413793103448276,0.4155844155844156,0.31343283582089554,2946.637931034483,2941.987012987013,2917.4328358208954,NaN,NaN,NaN,NaN,NaN,NaN
7900000,200,200,200,2949.2261306532664,2947.1507537688444,0.36180904522613067,0.36180904522613067,Infinity,Infinity,-1,0,-1,200,0,1,-1,-1,-1,-1,0,NaN,0.37333333333333335,0.375,0.3269230769230769,2969.653333333333,2913.9166666666665,2980,NaN,NaN,NaN,NaN,NaN,NaN
7950000,200,200,200,2939.175879396985,2937.1356783919596,0.40703517587939697,0.40703517587939697,Infinity,Infinity,-1,0,-1,200,0,1,-1,-1,-1,-1,0,NaN,0.4788732394366197,0.2777777777777778,0.43243243243243246,2902.760563380282,2916.240740740741,2998.864864864865,NaN,NaN,NaN,NaN,NaN,NaN
8000000,200,200,200,2957.7688442211056,2955.7035175879396,0.5226130653266332,0.5226130653266332,Infinity,Infinity,-1,0,-1,200,0,1,-1,-1,-1,-1,0,NaN,0.5405405405405406,0.5,0.5238095238095238,2927.2432432432433,2965.032258064516,2995.8571428571427,NaN,NaN,NaN,NaN,NaN,NaN
8050000,200,200,200,2972.1542288557216,2970.0995024875624,0.5024875621890548,0.5024875621890548,Infinity,Infinity,-1,0,-1,200,0,1,-1,-1,-1,-1,0,NaN,0.5211267605633803,0.5714285714285714,0.417910447761194,2977.3802816901407,3033.9841269841268,2917.4328358208954,NaN,NaN,NaN,NaN,NaN,NaN
8100000,200,200,200,2973.5,2971.455,0.525,0.525,Infinity,Infinity,-1,0,-1,200,0,1,-1,-1,-1,-1,0,NaN,0.5774647887323944,0.49230769230769234,0.5,3009.788732394366,2974.646153846154,2941.359375,NaN,NaN,NaN,NaN,NaN,NaN
8150000,200,200,200,2968.1741293532336,2966.1094527363184,0.5373134328358209,0.5373134328358209,Infinity,Infinity,-1,0,-1,200,0,1,-1,-1,-1,-1,0,NaN,0.5540540540540541,0.5178571428571429,0.5352112676056338,3081.2297297297296,2876.5535714285716,2930.943661971831,NaN,NaN,NaN,NaN,NaN,NaN
8200000,200,200,200,2944.7035175879396,2942.6582914572864,0.6733668341708543,0.6733668341708543,Infinity,Infinity,-1,0,-1,200,0,1,-1,-1,-1,-1,0,NaN,0.6621621621621622,0.6440677966101694,0.7121212121212122,2966.4054054054054,2871.3898305084745,2994.8333333333335,NaN,NaN,NaN,NaN,NaN,NaN
8250000,200,200,200,2929.373134328358,2927.2985074626868,0.6368159203980099,0.6368159203980099,Infinity,Infinity,-1,0,-1,200,0,1,-1,-1,-1,-1,0,NaN,0.7241379310344828,0.6285714285714286,0.5753424657534246,2982.793103448276,2925.542857142857,2898.753424657534,NaN,NaN,NaN,NaN,NaN,NaN
8300000,200,200,200,2953.4949494949497,2951.4444444444443,0.7373737373737373,0.7373737373737373,Infinity,Infinity,-1,0,-1,200,0,1,-1,-1,-1,-1,0,NaN,0.7424242424242424,0.7419354838709677,0.7285714285714285,3005.469696969697,2948.9032258064517,2916.9714285714285,NaN,NaN,NaN,NaN,NaN,NaN
8350000,200,200,200,2967.541871921182,2965.477832512315,0.7586206896551724,0.7586206896551724,Infinity,Infinity,-1,0,-1,200,0,1,-1,-1,-1,-1,0,NaN,0.782608695652174,0.6818181818181818,0.8088235294117647,2999.68115942029,2961.4848484848485,2949.6176470588234,NaN,NaN,NaN,NaN,NaN,NaN
8400000,200,200,200,2955.510101010101,2953.4545454545455,0.797979797979798,0.797979797979798,Infinity,Infinity,-1,0,-1,200,0,1,-1,-1,-1,-1,0,NaN,0.7910447761194029,0.7704918032786885,0.8285714285714286,2941.2537313432836,2992.1803278688526,2945.542857142857,NaN,NaN,NaN,NaN,NaN,NaN
8450000,200,200,200,2970.995,2968.945,0.825,0.825,Infinity,Infinity,-1,0,-1,200,0,1,-1,-1,-1,-1,0,NaN,0.8805970149253731,0.8636363636363636,0.7313432835820896,2983.10447761194,2940.287878787879,2997.9850746268658,NaN,NaN,NaN,NaN,NaN,NaN
8500000,200,200,200,2930.5,2928.45,0.83,0.83,Infinity,Infinity,-1,0,-1,200,0,1,-1,-1,-1,-1,0,NaN,0.8333333333333334,0.8615384615384616,0.7894736842105263,3006.948717948718,2853.123076923077,2924.4736842105262,NaN,NaN,NaN,NaN,NaN,NaN
8550000,200,200,200,2943.995,2941.905,0.815,0.815,Infinity,Infinity,-1,0,-1,200,0,1,-1,-1,-1,-1,0,NaN,0.8620689655172413,0.8225806451612904,0.775,3017.293103448276,2848.8548387096776,2971.925,NaN,NaN,NaN,NaN,NaN,NaN
8600000,200,200,200,2892.6138613861385,2890.539603960396,0.8910891089108911,0.8910891089108911,Infinity,Infinity,-1,0,-1,200,0,1,-1,-1,-1,-1,0,NaN,0.9047619047619048,0.9027777777777778,0.8656716417910447,2933.936507936508,2866.6666666666665,2890.5223880597014,NaN,NaN,NaN,NaN,NaN,NaN
8650000,200,200,200,2927.8578680203045,2925.8172588832485,0.8984771573604061,0.8984771573604061,Infinity,Infinity,-1,0,-1,200,0,1,-1,-1,-1,-1,0,NaN,0.890625,0.927536231884058,0.875,2850.6875,2960.608695652174,2978.84375,NaN,NaN,NaN,NaN,NaN,NaN
8700000,200,200,200,2941.3084577114428,2939.273631840796,0.9303482587064676,0.9303482587064676,Infinity,Infinity,-1,0,-1,200,0,1,-1,-1,-1,-1,0,NaN,0.9629629629629629,0.9459459459459459,0.8904109589041096,2912.5185185185187,2993.4594594594596,2917.917808219178,NaN,NaN,NaN,NaN,NaN,NaN
8750000,200,200,200,2923.9004975124376,2921.855721393035,0.9701492537313433,0.9701492537313433,Infinity,Infinity,-1,0,-1,200,0,1,-1,-1,-1,-1,0,NaN,0.9666666666666667,0.9577464788732394,0.9857142857142858,2958.65,2925.225352112676,2901.2714285714287,NaN,NaN,NaN,NaN,NaN,NaN
8800000,200,200,200,2946.929292929293,2944.8939393939395,0.9848484848484849,0.9848484848484849,Infinity,Infinity,-1,0,-1,200,0,1,-1,-1,-1,-1,0,NaN,0.9852941176470589,0.9846153846153847,0.9846153846153847,2962.8676470588234,2943.8615384615387,2942.353846153846,NaN,NaN,NaN,NaN,NaN,NaN
8850000,200,200,200,2963.90099009901,2961.831683168317,0.9851485148514851,0.9851485148514851,Infinity,Infinity,-1,0,-1,200,0,1,-1,-1,-1,-1,0,NaN,0.9824561403508771,1,0.9722222222222222,2985.8596491228072,2958.986301369863,2959.722222222222,NaN,NaN,NaN,NaN,NaN,NaN
8900000,200,200,200,2931.4111675126906,2929.3756345177667,0.9898477157360406,0.9898477157360406,Infinity,Infinity,-1,0,-1,200,0,1,-1,-1,-1,-1,0,NaN,1,1,0.9736842105263158,2913.844827586207,2924.4126984126983,2958.315789473684,NaN,NaN,NaN,NaN,NaN,NaN
8950000,200,200,200,2970.169154228856,2968.0995024875624,0.9900497512437811,0.9900497512437811,Infinity,Infinity,-1,0,-1,200,0,1,-1,-1,-1,-1,0,NaN,1,1,0.9722222222222222,2978.78125,2985.369230769231,2956.972222222222,NaN,NaN,NaN,NaN,NaN,NaN
9000000,200,200,200,2881.2178217821784,2879.128712871287,1,1,Infinity,Infinity,-1,0,-1,200,0,1,-1,-1,-1,-1,0,NaN,1,1,1,2893.4477611940297,2842.7611940298507,2915.705882352941,NaN,NaN,NaN,NaN,NaN,NaN
9050000,200,200,200,2972.3417085427136,2970.2713567839196,1,1,Infinity,Infinity,-1,0,-1,200,0,1,-1,-1,-1,-1,0,NaN,1,1,1,3037.8382352941176,2929.9692307692308,2955.4242424242425,NaN,NaN,NaN,NaN,NaN,NaN
9100000,200,200,200,2941.6237623762377,2939.5643564356437,0.995049504950495,0.995049504950495,Infinity,Infinity,-1,0,-1,200,0,1,-1,-1,-1,-1,0,NaN,1,0.9864864864864865,1,2928.245901639344,2967.7702702702704,2933.791044776119,NaN,NaN,NaN,NaN,NaN,NaN
9150000,200,200,200,2942.190954773869,2940.120603015075,0.9748743718592965,0.9748743718592965,Infinity,Infinity,-1,0,-1,200,0,1,-1,-1,-1,-1,0,NaN,0.9285714285714286,1,0.9855072463768116,3003.3214285714284,2886.689189189189,2960.550724637681,NaN,NaN,NaN,NaN,NaN,NaN
9200000,200,200,200,2946.419191919192,2944.3535353535353,0.9797979797979798,0.9797979797979798,Infinity,Infinity,-1,0,-1,200,0,1,-1,-1,-1,-1,0,NaN,0.9848484848484849,0.9692307692307692,0.9850746268656716,2996.3030303030305,3005.3846153846152,2848.7462686567164,NaN,NaN,NaN,NaN,NaN,NaN
9250000,200,200,200,3005.492537313433,3003.417910447761,0.9552238805970149,0.9552238805970149,Infinity,Infinity,-1,0,-1,200,0,1,-1,-1,-1,-1,0,NaN,0.9666666666666667,0.9166666666666666,0.9855072463768116,2993.6,3061.1111111111113,2966.3333333333335,NaN,NaN,NaN,NaN,NaN,NaN
9300000,200,200,200,2965.1890547263683,2963.134328358209,0.9502487562189055,0.9502487562189055,Infinity,Infinity,-1,0,-1,200,0,1,-1,-1,-1,-1,0,NaN,0.9545454545454546,0.9487179487179487,0.9473684210526315,2960.0151515151515,2996.628205128205,2938.5438596491226,NaN,NaN,NaN,NaN,NaN,NaN
9350000,200,200,200,2972.015228426396,2969.944162436548,0.9593908629441624,0.9593908629441624,Infinity,Infinity,-1,0,-1,200,0,1,-1,-1,-1,-1,0,NaN,0.9285714285714286,0.9833333333333333,0.9701492537313433,3059.7428571428572,2916.95,2938.283582089552,NaN,NaN,NaN,NaN,NaN,NaN
9400000,200,200,200,2946.079207920792,2943.9950495049507,0.9108910891089109,0.9108910891089109,Infinity,Infinity,-1,0,-1,200,0,1,-1,-1,-1,-1,0,NaN,0.9193548387096774,0.8823529411764706,0.9305555555555556,2934.3387096774195,2939.323529411765,2970.7916666666665,NaN,NaN,NaN,NaN,NaN,NaN
9450000,200,200,200,2974,2971.97,0.935,0.935,Infinity,Infinity,-1,0,-1,200,0,1,-1,-1,-1,-1,0,NaN,0.9122807017543859,0.9428571428571428,0.9452054794520548,2957.8245614035086,2976.9714285714285,2991.917808219178,NaN,NaN,NaN,NaN,NaN,NaN
9500000,200,200,200,2930.995,2928.95,0.86,0.86,Infinity,Infinity,-1,0,-1,200,0,1,-1,-1,-1,-1,0,NaN,0.8674698795180723,0.8305084745762712,0.8793103448275862,2913.012048192771,3035.7457627118642,2860.396551724138,NaN,NaN,NaN,NaN,NaN,NaN
9550000,200,200,200,2957.2663316582916,2955.2060301507536,0.8341708542713567,0.8341708542713567,Infinity,Infinity,-1,0,-1,200,0,1,-1,-1,-1,-1,0,NaN,0.8387096774193549,0.8709677419354839,0.8,2937.5806451612902,2945.6774193548385,2990.9733333333334,NaN,NaN,NaN,NaN,NaN,NaN
9600000,200,200,200,2965.8811881188117,2963.841584158416,0.7920792079207921,0.7920792079207921,Infinity,Infinity,-1,0,-1,200,0,1,-1,-1,-1,-1,0,NaN,0.7246376811594203,0.7941176470588235,0.8615384615384616,2985.1884057971015,3051.0882352941176,2865.4615384615386,NaN,NaN,NaN,NaN,NaN,NaN
9650000,200,200,200,2960,2957.94,0.8,0.8,Infinity,Infinity,-1,0,-1,200,0,1,-1,-1,-1,-1,0,NaN,0.75,0.8208955223880597,0.8181818181818182,2946.25,2974.0746268656717,2965.4025974025976,NaN,NaN,NaN,NaN,NaN,NaN
9700000,200,200,200,2941.185929648241,2939.1356783919596,0.7135678391959799,0.7135678391959799,Infinity,Infinity,-1,0,-1,200,0,1,-1,-1,-1,-1,0,NaN,0.6986301369863014,0.734375,0.7096774193548387,2979.5753424657532,3003.8125,2840.8548387096776,NaN,NaN,NaN,NaN,NaN,NaN
9750000,200,200,200,2950.268656716418,2948.2039800995026,0.6865671641791045,0.6865671641791045,Infinity,Infinity,-1,0,-1,200,0,1,-1,-1,-1,-1,0,NaN,0.7241379310344828,0.8,0.5294117647058824,2987.9827586206898,2938.96,2939.323529411765,NaN,NaN,NaN,NaN,NaN,NaN
9800000,200,200,200,2935,2932.94,0.645,0.645,Infinity,Infinity,-1,0,-1,200,0,1,-1,-1,-1,-1,0,NaN,0.6507936507936508,0.5373134328358209,0.7428571428571429,3000.6031746031745,2915.910447761194,2902.6714285714284,NaN,NaN,NaN,NaN,NaN,NaN
9850000,200,200,200,2881.10447761194,2879.0298507462685,0.6567164179104478,0.6567164179104478,Infinity,Infinity,-1,0,-1,200,0,1,-1,-1,-1,-1,0,NaN,0.6323529411764706,0.6575342465753424,0.6833333333333333,2917.1911764705883,2882.2876712328766,2848.6,NaN,NaN,NaN,NaN,NaN,NaN
9900000,200,200,200,2959.550505050505,2957.4848484848485,0.6414141414141414,0.6414141414141414,Infinity,Infinity,-1,0,-1,200,0,1,-1,-1,-1,-1,0,NaN,0.7575757575757576,0.6119402985074627,0.5538461538461539,2976.681818181818,2977.0597014925374,2933.1384615384613,NaN,NaN,NaN,NaN,NaN,NaN
9950000,200,200,200,2928.8756218905473,2926.8109452736317,0.5771144278606966,0.5771144278606966,Infinity,Infinity,-1,0,-1,200,0,1,-1,-1,-1,-1,0,NaN,0.6129032258064516,0.5645161290322581,0.5584415584415584,2919.8225806451615,3008.5806451612902,2879.7012987012986,NaN,NaN,NaN,NaN,NaN,NaN
10000000,200,200,200,2900.505,2898.43,0.515,0.515,Infinity,Infinity,-1,0,-1,200,0,1,-1,-1,-1,-1,0,NaN,0.5588235294117647,0.43636363636363634,0.5324675324675324,2973.1911764705883,2870.581818181818,2865.3766233766232,NaN,NaN,NaN,NaN,NaN,NaN