tick,loadFromSimulation,loadFromX,loadFromY,meanLatencyFromY,meanLatencyFromZ,meanAvailabilityFromY,meanAvailabilityFromZ,zCapacity,poolSize,poolUsage,meanQueueWaitTime,queueSize,enqueueCount,queueRejectCount,meanTriesPerRequest,avgCacheAge,hitCount,missCount,cacheSize,meanResponseAge,meanResponseCacheAge,meanResponseP1Availability,meanResponseP2Availability,meanResponseP3Availability,meanResponseP1Latency,meanResponseP2Latency,meanResponseP3Latency
50000,200,200,189,2816.3842105263157,2981.1564245810055,1,1,28,28,-1,1,0,189,0,1,23816.329545454544,-1,-1,-1,714.2736842105263,12337.454545454546,NaN,NaN,NaN,NaN,NaN,NaN
100000,200,200,174,2530.7635467980294,2893.9209039548023,1,0.9887005649717514,28,28,-1,1,0,174,0,1.0112994350282485,49932.43553008596,-1,-1,-1,4943.7339901477835,35842.07142857143,NaN,NaN,NaN,NaN,NaN,NaN
150000,200,200,151,2248.77,2969.1920529801323,1,0.9933774834437086,28,28,-1,1,0,151,0,1.0066225165562914,77900.38832997988,-1,-1,-1,15630.515,62522.06,NaN,NaN,NaN,NaN,NaN,NaN
200000,200,200,152,2223.665,2918.0855263157896,0.995,0.9605263157894737,28,28,-1,1,0,152,0,1.0460526315789473,104821.55451713396,-1,-1,-1,23104.849246231155,85145.64814814815,NaN,NaN,NaN,NaN,NaN,NaN
250000,200,200,137,2032.1741293532339,2950.057971014493,1,0.9927536231884058,28,28,-1,1,0,137,0,1.0072463768115942,132093.57142857142,-1,-1,-1,38134.427860696516,119765.9375,NaN,NaN,NaN,NaN,NaN,NaN
300000,200,200,107,1597.175879396985,2986.9245283018868,1,1,28,28,-1,1,0,107,0,1,163380.22989807476,-1,-1,-1,73122.41708542714,156466.24731182796,NaN,NaN,NaN,NaN,NaN,NaN
350000,200,200,110,1615.79,2926.6,1,0.9636363636363636,28,28,-1,1,0,110,0,1.0363636363636364,193164.27199191102,-1,-1,-1,86372.015,183770.24468085106,NaN,NaN,NaN,NaN,NaN,NaN
400000,200,200,103,1512.5829145728644,2939.235294117647,1,0.9803921568627451,28,28,-1,1,0,103,0,1.0196078431372548,208818.585,-1,-1,-1,101794.27638190954,204616.77777777778,NaN,NaN,NaN,NaN,NaN,NaN
450000,200,200,90,1326.044776119403,2916.164835164835,1,0.978021978021978,28,28,-1,1,0,90,0,1.021978021978022,224816.624,-1,-1,-1,119179.84577114428,213885.25892857142,NaN,NaN,NaN,NaN,NaN,NaN
500000,200,200,98,1460.6019900497513,2984.7979797979797,1,0.9595959595959596,28,28,-1,1,0,98,0,1.0303030303030303,235865.664,-1,-1,-1,113190.06965174129,214634,NaN,NaN,NaN,NaN,NaN,NaN
550000,200,200,113,1667.9,2913.592920353982,1,0.9557522123893806,28,28,-1,1,0,113,0,1.0530973451327434,239130.593,-1,-1,-1,101942.79,221614.76086956522,NaN,NaN,NaN,NaN,NaN,NaN
600000,200,200,110,1629.919191919192,3002.972222222222,1,0.9351851851851852,28,28,-1,1,0,110,0,1.0648148148148149,243769.97,-1,-1,-1,108432.19191919192,221335.8144329897,NaN,NaN,NaN,NaN,NaN,NaN
650000,200,200,93,1399.911330049261,2918.6041666666665,1,0.9791666666666666,28,28,-1,1,0,93,0,1.03125,250113.069,-1,-1,-1,134285.5418719212,250091.42201834862,NaN,NaN,NaN,NaN,NaN,NaN
700000,200,200,120,1750.5786802030457,2943.153846153846,0.9949238578680203,0.9145299145299145,28,28,-1,1,0,120,0,1.0940170940170941,249228.538,-1,-1,-1,110022.8469387755,239605.3111111111,NaN,NaN,NaN,NaN,NaN,NaN
750000,200,200,100,1490.764705882353,2940.451923076923,1,0.9230769230769231,28,28,-1,1,0,100,0,1.0673076923076923,252097.665,-1,-1,-1,137186.67156862744,259130.37962962964,NaN,NaN,NaN,NaN,NaN,NaN
800000,200,200,115,1708.8461538461538,3015.690909090909,1,0.9181818181818182,28,28,-1,1,0,115,0,1.1,251267.027,-1,-1,-1,118565.05641025641,245959.4255319149,NaN,NaN,NaN,NaN,NaN,NaN
850000,200,200,109,1655.3446601941748,2931.6608695652176,1,0.9043478260869565,28,28,-1,1,0,109,0,1.1130434782608696,249429.248,-1,-1,-1,125309.85922330097,253076.77450980392,NaN,NaN,NaN,NaN,NaN,NaN
900000,200,200,91,1339.6934673366834,2949.6555555555556,1,0.9,28,28,-1,1,0,91,0,1.1,258014.014,-1,-1,-1,152124.19095477386,256548.42372881356,NaN,NaN,NaN,NaN,NaN,NaN
950000,200,200,103,1546.6582914572864,3005.892156862745,1,0.9117647058823529,28,28,-1,1,0,103,0,1.107843137254902,260010.937,-1,-1,-1,137667.25628140703,258450.79245283018,NaN,NaN,NaN,NaN,NaN,NaN
1000000,200,200,116,1718.83,2952.956896551724,1,0.8620689655172413,28,28,-1,1,0,116,0,1.1551724137931034,260216.341,-1,-1,-1,139983.68,279967.36,NaN,NaN,NaN,NaN,NaN,NaN
1050000,200,200,112,1679.0050251256282,2999.3603603603606,1,0.8378378378378378,28,28,-1,1,0,112,0,1.1891891891891893,262953.335,-1,-1,-1,134316.7688442211,252160.72641509434,NaN,NaN,NaN,NaN,NaN,NaN
1100000,200,200,117,1686.3034825870648,2902.1101694915255,0.9950248756218906,0.8220338983050848,28,28,-1,1,0,117,0,1.2033898305084745,263100.036,-1,-1,-1,138748.89,266824.78846153844,NaN,NaN,NaN,NaN,NaN,NaN
1150000,200,200,113,1701.275,2999.424778761062,1,0.8938053097345132,28,28,-1,1,0,113,0,1.1061946902654867,261056.065,-1,-1,-1,119044.8,240494.54545454544,NaN,NaN,NaN,NaN,NaN,NaN
1200000,200,200,114,1727.38,2991.5438596491226,1,0.9210526315789473,28,28,-1,1,0,114,0,1.0964912280701755,257697.606,-1,-1,-1,126983.71,267334.1263157895,NaN,NaN,NaN,NaN,NaN,NaN
1250000,200,200,107,1551.949494949495,2968.695238095238,1,0.8952380952380953,28,28,-1,1,0,107,0,1.0857142857142856,259352.296,-1,-1,-1,131549.63636363635,250450.26923076922,NaN,NaN,NaN,NaN,NaN,NaN
1300000,200,200,110,1683.9405940594058,2976.214285714286,1,0.8660714285714286,28,28,-1,1,0,110,0,1.1607142857142858,259388.994,-1,-1,-1,125758.70792079208,241935.8,NaN,NaN,NaN,NaN,NaN,NaN
1350000,200,200,98,1439.9748743718592,2942.144329896907,1,0.9278350515463918,28,28,-1,1,0,98,0,1.0824742268041236,262130.309,-1,-1,-1,151768.89949748744,277082.66972477065,NaN,NaN,NaN,NaN,NaN,NaN
1400000,200,200,124,1852.8457711442786,2969.36,0.9950248756218906,0.888,28,28,-1,1,0,124,0,1.12,255358.412,-1,-1,-1,111575.95,247946.55555555556,NaN,NaN,NaN,NaN,NaN,NaN
1450000,200,200,112,1647.040404040404,2982.981818181818,1,0.8636363636363636,28,28,-1,1,0,112,0,1.1363636363636365,256344.988,-1,-1,-1,121800.3686868687,234140.5145631068,NaN,NaN,NaN,NaN,NaN,NaN
1500000,200,200,133,1918.2261306532664,2921.9166666666665,0.9949748743718593,0.8106060606060606,28,28,-1,1,0,133,0,1.2121212121212122,252035.511,-1,-1,-1,122894.69696969698,264490.76086956525,NaN,NaN,NaN,NaN,NaN,NaN
1550000,200,200,119,1807.8844221105528,2996.1949152542375,1,0.8220338983050848,28,28,-1,1,0,119,0,1.2118644067796611,253257.631,-1,-1,-1,114955.8743718593,224276.6568627451,NaN,NaN,NaN,NaN,NaN,NaN
1600000,200,200,125,1944.304347826087,3021.9242424242425,0.9903381642512077,0.8484848484848485,28,28,-1,1,0,125,0,1.1893939393939394,247801.1,-1,-1,-1,115144.89756097562,248470.56842105262,NaN,NaN,NaN,NaN,NaN,NaN
1650000,200,200,110,1591.4773869346734,2894.7247706422017,1,0.8256880733944955,28,28,-1,1,0,110,0,1.1926605504587156,252457.61,-1,-1,-1,131090.27638190956,239329.95412844035,NaN,NaN,NaN,NaN,NaN,NaN
1700000,200,200,108,1558.6923076923076,2965.106796116505,1,0.8155339805825242,28,28,-1,1,0,108,0,1.2233009708737863,259514.76,-1,-1,-1,137034.46666666667,240736.22522522524,NaN,NaN,NaN,NaN,NaN,NaN
1750000,200,200,145,2120.0295566502464,2972.527027027027,0.9802955665024631,0.7364864864864865,28,28,-1,1,0,145,0,1.3918918918918919,255543.19,-1,-1,-1,124218.63819095478,262973.5,NaN,NaN,NaN,NaN,NaN,NaN
1800000,200,200,109,1624.605,2969.9633027522937,1,0.8623853211009175,28,28,-1,1,0,109,0,1.165137614678899,257331.651,-1,-1,-1,142518.465,268902.7641509434,NaN,NaN,NaN,NaN,NaN,NaN
1850000,200,200,118,1705.1161616161617,2972.801724137931,0.9949494949494949,0.8103448275862069,28,28,-1,1,0,118,0,1.206896551724138,259666.365,-1,-1,-1,145481.96954314722,275576.42307692306,NaN,NaN,NaN,NaN,NaN,NaN
1900000,200,200,114,1707.1960784313726,2962.2881355932204,0.9901960784313726,0.8728813559322034,28,28,-1,1,0,114,0,1.2203389830508475,258192.95,-1,-1,-1,130089.43564356436,260178.8712871287,NaN,NaN,NaN,NaN,NaN,NaN
1950000,200,200,134,1887.1822916666667,2945.031746031746,0.9947916666666666,0.7777777777777778,28,28,-1,1,0,134,0,1.2380952380952381,259839.62,-1,-1,-1,139876.7277486911,284217.60638297873,NaN,NaN,NaN,NaN,NaN,NaN
2000000,200,200,128,1970.1970443349753,2984.664122137405,0.9950738916256158,0.7862595419847328,28,28,-1,1,0,128,0,1.2900763358778626,257801.184,-1,-1,-1,141979.25247524751,286798.09,NaN,NaN,NaN,NaN,NaN,NaN
2050000,200,200,132,1919.0295566502464,2934.822222222222,0.9950738916256158,0.8222222222222222,28,28,-1,1,0,132,0,1.237037037037037,252203.763,-1,-1,-1,119788.0495049505,263012.89130434784,NaN,NaN,NaN,NaN,NaN,NaN
2100000,200,200,107,1528.4123711340205,2978.227722772277,1,0.7821782178217822,28,28,-1,1,0,107,0,1.2277227722772277,261330.433,-1,-1,-1,157731.98453608248,266087,NaN,NaN,NaN,NaN,NaN,NaN
2150000,200,200,122,1876.1617647058824,2956.1031746031745,1,0.8015873015873016,28,28,-1,1,0,122,0,1.2380952380952381,258545.461,-1,-1,-1,126496.07843137255,250535.9223300971,NaN,NaN,NaN,NaN,NaN,NaN
2200000,200,200,146,2084.5532994923856,2975,0.9949238578680203,0.7692307692307693,28,28,-1,1,0,146,0,1.2797202797202798,252458.49,-1,-1,-1,124990.9693877551,281588.8505747126,NaN,NaN,NaN,NaN,NaN,NaN
2250000,200,200,118,1742.6281407035176,2961.094017094017,0.9849246231155779,0.7350427350427351,28,28,-1,1,0,118,0,1.393162393162393,260168.524,-1,-1,-1,136536.1224489796,236823.7168141593,NaN,NaN,NaN,NaN,NaN,NaN
2300000,200,200,140,2024.5074626865671,2982.354609929078,0.9850746268656716,0.7446808510638298,28,28,-1,1,0,140,0,1.3191489361702127,257536.264,-1,-1,-1,128846.54040404041,265745.9895833333,NaN,NaN,NaN,NaN,NaN,NaN
2350000,200,200,117,1791.8487804878048,2997.1652892561983,0.975609756097561,0.7768595041322314,28,28,-1,1,0,117,0,1.3553719008264462,261104.562,-1,-1,-1,158636.68,288430.32727272727,NaN,NaN,NaN,NaN,NaN,NaN
2400000,200,200,124,1835.6060606060605,3008.642276422764,0.9949494949494949,0.7886178861788617,28,28,-1,1,0,124,0,1.3089430894308942,262399.914,-1,-1,-1,138646.37563451775,267777.8039215686,NaN,NaN,NaN,NaN,NaN,NaN
2450000,200,200,138,2054.955,2974.7028985507245,1,0.8115942028985508,28,28,-1,1,0,138,0,1.210144927536232,255776.344,-1,-1,-1,113494.2,257941.36363636365,NaN,NaN,NaN,NaN,NaN,NaN
2500000,200,200,145,2038.2791878172588,2964.9014084507044,0.9949238578680203,0.7605633802816901,28,28,-1,1,0,145,0,1.3028169014084507,251727.57,-1,-1,-1,119513.62755102041,263198.55056179775,NaN,NaN,NaN,NaN,NaN,NaN
2550000,200,200,131,1965.2205882352941,2959.9777777777776,0.9803921568627451,0.7407407407407407,28,28,-1,1,0,131,0,1.4296296296296296,252620.735,-1,-1,-1,137361.225,264156.20192307694,NaN,NaN,NaN,NaN,NaN,NaN
2600000,200,200,130,1803.611111111111,2881.8671875,0.9797979797979798,0.734375,28,28,-1,1,0,130,0,1.3671875,256271.378,-1,-1,-1,131013.12886597938,244389.875,NaN,NaN,NaN,NaN,NaN,NaN
2650000,200,200,135,1988.3168316831684,2933.8529411764707,0.9900990099009901,0.7573529411764706,28,28,-1,1,0,135,0,1.2647058823529411,254719.884,-1,-1,-1,128600.925,262450.86734693876,NaN,NaN,NaN,NaN,NaN,NaN
2700000,200,200,126,1790.0050761421319,2946.5241935483873,0.9949238578680203,0.75,28,28,-1,1,0,126,0,1.3225806451612903,257996.354,-1,-1,-1,138761.9387755102,259022.2857142857,NaN,NaN,NaN,NaN,NaN,NaN
2750000,200,200,151,2193.1268292682926,2936.2948717948716,0.9804878048780488,0.6602564102564102,28,28,-1,1,0,151,0,1.5320512820512822,257025.167,-1,-1,-1,136735.00995024876,269448.40196078434,NaN,NaN,NaN,NaN,NaN,NaN
2800000,200,200,120,1768.4,2936.026086956522,1,0.8347826086956521,28,28,-1,1,0,120,0,1.191304347826087,257521.181,-1,-1,-1,119868.59487179488,236104.80808080808,NaN,NaN,NaN,NaN,NaN,NaN
2850000,200,200,107,1572.8275862068965,2906.609090909091,0.9901477832512315,0.7818181818181819,28,28,-1,1,0,107,0,1.290909090909091,264195.71,-1,-1,-1,151256.47263681592,259850.86324786325,NaN,NaN,NaN,NaN,NaN,NaN
2900000,200,200,141,1997.8535353535353,2952.9565217391305,0.9848484848484849,0.6884057971014492,28,28,-1,1,0,141,0,1.3623188405797102,266295.973,-1,-1,-1,141940.841025641,271357.49019607843,NaN,NaN,NaN,NaN,NaN,NaN
2950000,200,200,157,2287.0845771144277,2994.0382165605097,0.9850746268656716,0.6751592356687898,28,28,-1,1,0,157,0,1.4713375796178343,262780.008,-1,-1,-1,138852.07575757575,292475.6489361702,NaN,NaN,NaN,NaN,NaN,NaN
3000000,200,200,138,1973.02,2923.657142857143,0.985,0.7357142857142858,28,28,-1,1,0,138,0,1.45,261788.584,-1,-1,-1,131503.17766497462,261678.0404040404,NaN,NaN,NaN,NaN,NaN,NaN
3050000,200,200,133,1883.302564102564,2974.03125,0.9948717948717949,0.734375,28,28,-1,1,0,133,0,1.296875,263328.811,-1,-1,-1,142774.00515463916,274239.17821782175,NaN,NaN,NaN,NaN,NaN,NaN
3100000,200,200,169,2478.385,2959.751479289941,0.99,0.6449704142011834,28,28,-1,1,0,169,0,1.5266272189349113,258832.559,-1,-1,-1,117021.9898989899,254619.27472527474,NaN,NaN,NaN,NaN,NaN,NaN
3150000,200,200,135,2044.3465346534654,2930.6861313868612,0.9900990099009901,0.7591240875912408,28,28,-1,1,0,135,0,1.3211678832116789,256797.829,-1,-1,-1,127984.015,261191.8673469388,NaN,NaN,NaN,NaN,NaN,NaN
3200000,200,200,147,2096.8442211055276,2951.5890410958905,0.9949748743718593,0.726027397260274,28,28,-1,1,0,147,0,1.3424657534246576,252466.271,-1,-1,-1,118507.25757575757,252305.7741935484,NaN,NaN,NaN,NaN,NaN,NaN
3250000,200,200,157,2290.177339901478,2940.45,0.9753694581280788,0.675,28,28,-1,1,0,157,0,1.4875,249689.726,-1,-1,-1,123596.28787878787,257600.68421052632,NaN,NaN,NaN,NaN,NaN,NaN
3300000,200,200,154,2125.9396984924624,2980.6928104575163,0.9597989949748744,0.6666666666666666,28,28,-1,1,0,154,0,1.5816993464052287,252701.476,-1,-1,-1,118238.2722513089,232819.69072164947,NaN,NaN,NaN,NaN,NaN,NaN
3350000,200,200,144,2063.536945812808,2975.0272108843537,0.9704433497536946,0.6938775510204082,28,28,-1,1,0,144,0,1.4625850340136055,253432.769,-1,-1,-1,139940.62436548225,272953.49504950497,NaN,NaN,NaN,NaN,NaN,NaN
3400000,200,200,137,2000.6732673267327,2975.561151079137,0.9653465346534653,0.6690647482014388,28,28,-1,1,0,137,0,1.60431654676259,260586.82,-1,-1,-1,143495.33846153846,256711.84403669724,NaN,NaN,NaN,NaN,NaN,NaN
3450000,200,200,164,2367.343434343434,2928.895061728395,0.98989898989899,0.6666666666666666,28,28,-1,1,0,164,0,1.4382716049382716,257282.949,-1,-1,-1,121212.05612244898,263972.9222222222,NaN,NaN,NaN,NaN,NaN,NaN
3500000,200,200,159,2273.3553299492387,2921.5384615384614,0.9746192893401016,0.6923076923076923,28,28,-1,1,0,159,0,1.4294871794871795,255563.423,-1,-1,-1,139178.19270833334,300249.5842696629,NaN,NaN,NaN,NaN,NaN,NaN
3550000,200,200,180,2465.0492610837437,2955.6703296703295,0.9605911330049262,0.5714285714285714,28,28,-1,1,0,180,0,1.7032967032967032,256493.254,-1,-1,-1,126254.13846153846,251219.9693877551,NaN,NaN,NaN,NaN,NaN,NaN
3600000,200,200,175,2446.780612244898,2951.4912280701756,0.9693877551020408,0.6140350877192983,28,28,-1,1,0,175,0,1.5204678362573099,257008.191,-1,-1,-1,110248.56842105264,230189.3186813187,NaN,NaN,NaN,NaN,NaN,NaN
3650000,200,200,151,2326.830845771144,2991.176470588235,0.9850746268656716,0.6405228758169934,28,28,-1,1,0,151,0,1.5490196078431373,258851.909,-1,-1,-1,146583.0707070707,279071.6153846154,NaN,NaN,NaN,NaN,NaN,NaN
3700000,200,200,154,2097.2602040816328,2952.266666666667,0.9795918367346939,0.6066666666666667,28,28,-1,1,0,154,0,1.6,264126.138,-1,-1,-1,133927.23958333334,244895.52380952382,NaN,NaN,NaN,NaN,NaN,NaN
3750000,200,200,164,2321.766990291262,2949.9882352941177,0.9611650485436893,0.6235294117647059,28,28,-1,1,0,164,0,1.688235294117647,262713.382,-1,-1,-1,145071.88383838383,287242.33,NaN,NaN,NaN,NaN,NaN,NaN
3800000,200,200,164,2371.805,2930.390243902439,0.965,0.6097560975609756,28,28,-1,1,0,164,0,1.5731707317073171,264021.818,-1,-1,-1,135999.61139896372,262479.25,NaN,NaN,NaN,NaN,NaN,NaN
3850000,200,200,156,2099.4477611940297,2920.852564102564,0.9751243781094527,0.5833333333333334,28,28,-1,1,0,156,0,1.8269230769230769,268361.288,-1,-1,-1,151291.7857142857,272047.61467889906,NaN,NaN,NaN,NaN,NaN,NaN
3900000,200,200,147,2138.0812182741115,2909.158620689655,0.9796954314720813,0.6620689655172414,28,28,-1,1,0,147,0,1.5448275862068965,270812.379,-1,-1,-1,148912.84974093264,281766.4705882353,NaN,NaN,NaN,NaN,NaN,NaN
3950000,200,200,151,2137.415,2969.8344370860927,0.975,0.6026490066225165,28,28,-1,1,0,151,0,1.6026490066225165,275043.731,-1,-1,-1,157597.3641025641,281940.2385321101,NaN,NaN,NaN,NaN,NaN,NaN
4000000,200,200,176,2400.07,2948.04,0.945,0.5828571428571429,28,28,-1,1,0,176,0,1.68,276099.93,-1,-1,-1,143839.82539682538,280265.2268041237,NaN,NaN,NaN,NaN,NaN,NaN
4050000,200,200,163,2253.5786802030457,2943.285714285714,0.9543147208121827,0.5900621118012422,28,28,-1,1,0,163,0,1.6832298136645962,280366.235,-1,-1,-1,152740.34574468085,278788.2038834951,NaN,NaN,NaN,NaN,NaN,NaN
4100000,200,200,167,2358.7871287128714,2978.059171597633,0.9702970297029703,0.6094674556213018,28,28,-1,1,0,167,0,1.5917159763313609,277762.713,-1,-1,-1,135033.27551020408,267338.6060606061,NaN,NaN,NaN,NaN,NaN,NaN
4150000,200,200,181,2629.5346534653463,2931.3224043715845,0.9603960396039604,0.6174863387978142,28,28,-1,1,0,181,0,1.7540983606557377,270377.907,-1,-1,-1,130007.31958762887,283386.7415730337,NaN,NaN,NaN,NaN,NaN,NaN
4200000,200,200,174,2398.8040201005024,2963.6127167630057,0.9698492462311558,0.5664739884393064,28,28,-1,1,0,174,0,1.6647398843930636,270498.5,-1,-1,-1,128907.53886010362,246328.26732673266,NaN,NaN,NaN,NaN,NaN,NaN
4250000,200,200,177,2430.7475247524753,2972.72625698324,0.9405940594059405,0.5586592178770949,28,28,-1,1,0,177,0,1.7988826815642458,272614.606,-1,-1,-1,150797.45789473684,280897.2254901961,NaN,NaN,NaN,NaN,NaN,NaN
4300000,200,200,150,2111.316582914573,2947.261744966443,0.9698492462311558,0.5771812080536913,28,28,-1,1,0,150,0,1.5838926174496644,278513.201,-1,-1,-1,168898.0414507772,288471.8761061947,NaN,NaN,NaN,NaN,NaN,NaN
4350000,200,200,207,2748.6907216494847,2954.39,0.9020618556701031,0.505,28,28,-1,1,0,207,0,1.905,282264.712,-1,-1,-1,143899.18857142856,273721.2826086957,NaN,NaN,NaN,NaN,NaN,NaN
4400000,200,200,160,2349.4320388349515,2975.988023952096,0.9660194174757282,0.6047904191616766,28,28,-1,1,0,160,0,1.6287425149700598,280862.062,-1,-1,-1,149515.27638190956,280693.77358490566,NaN,NaN,NaN,NaN,NaN,NaN
4450000,200,200,189,2542.6927083333335,2961.497237569061,0.953125,0.5193370165745856,28,28,-1,1,0,189,0,1.707182320441989,283448.478,-1,-1,-1,148312.7868852459,276951.4285714286,NaN,NaN,NaN,NaN,NaN,NaN
4500000,200,200,232,3195.5714285714284,2920.6735537190084,0.9142857142857143,0.4834710743801653,28,28,-1,1,0,232,0,1.9834710743801653,278894.113,-1,-1,-1,130455.28645833333,269327.0430107527,NaN,NaN,NaN,NaN,NaN,NaN
4550000,200,200,150,2057.688442211055,2931.3175675675675,0.9597989949748744,0.5135135135135135,28,28,-1,1,0,150,0,1.8175675675675675,290210.976,-1,-1,-1,196717.19895287958,307975.2868852459,NaN,NaN,NaN,NaN,NaN,NaN
4600000,200,200,167,2352.8029556650245,2950.877192982456,0.9802955665024631,0.5964912280701754,28,28,-1,1,0,167,0,1.7251461988304093,285590.374,-1,-1,-1,143545.3015075377,280054.06862745096,NaN,NaN,NaN,NaN,NaN,NaN
4650000,200,200,213,2880.859375,2948.7241379310344,0.921875,0.5073891625615764,28,28,-1,1,0,213,0,1.7733990147783252,286123.871,-1,-1,-1,146654.3672316384,298365.7816091954,NaN,NaN,NaN,NaN,NaN,NaN
4700000,200,200,198,2591.825,2930.375,0.945,0.535,28,28,-1,1,0,198,0,1.815,283590.836,-1,-1,-1,147067.68783068782,292587.2947368421,NaN,NaN,NaN,NaN,NaN,NaN
4750000,200,200,180,2552.064676616915,2948.7430167597763,0.9502487562189055,0.547486033519553,28,28,-1,1,0,180,0,1.7318435754189945,282740.827,-1,-1,-1,156616.39267015707,296175.55445544556,NaN,NaN,NaN,NaN,NaN,NaN
4800000,200,200,198,2684.8564356435645,2957.6069651741295,0.9207920792079208,0.5223880597014925,28,28,-1,1,0,198,0,1.9900497512437811,283357.881,-1,-1,-1,166698.37634408602,316386.71428571426,NaN,NaN,NaN,NaN,NaN,NaN
4850000,200,200,228,2950.8214285714284,2996.15625,0.8877551020408163,0.4375,28,28,-1,1,0,228,0,2.0848214285714284,290132.95,-1,-1,-1,159882.5172413793,283873.0408163265,NaN,NaN,NaN,NaN,NaN,NaN
4900000,200,200,197,2568.820895522388,2946.318181818182,0.9303482587064676,0.51010101010101,28,28,-1,1,0,197,0,2.1464646464646466,291085.099,-1,-1,-1,148923.48128342247,278486.91,NaN,NaN,NaN,NaN,NaN,NaN
4950000,200,200,181,2413.7980295566504,2943.103260869565,0.9408866995073891,0.5271739130434783,28,28,-1,1,0,181,0,1.891304347826087,292693.461,-1,-1,-1,160216.89528795812,288692.7075471698,NaN,NaN,NaN,NaN,NaN,NaN
5000000,200,200,221,2865.0710659898477,2980.922374429224,0.8781725888324873,0.4611872146118721,28,28,-1,1,0,221,0,2.095890410958904,298474.454,-1,-1,-1,171369.10404624278,305637.6804123711,NaN,NaN,NaN,NaN,NaN,NaN
5050000,200,200,177,2450.990049751244,2961.8988764044943,0.9552238805970149,0.5674157303370787,28,28,-1,1,0,177,0,1.7808988764044944,295362.858,-1,-1,-1,150084.36458333334,288161.98,NaN,NaN,NaN,NaN,NaN,NaN
5100000,200,200,188,2547.6984924623116,2931.4139784946237,0.9547738693467337,0.553763440860215,28,28,-1,1,0,188,0,1.7043010752688172,289786.686,-1,-1,-1,134572.67368421052,269145.34736842103,NaN,NaN,NaN,NaN,NaN,NaN
5150000,200,200,175,2390.4455445544554,2922.64406779661,0.9306930693069307,0.5536723163841808,28,28,-1,1,0,175,0,1.926553672316384,291412.108,-1,-1,-1,169953.44680851063,307223.53846153844,NaN,NaN,NaN,NaN,NaN,NaN
5200000,200,200,191,2600.344827586207,2966.298969072165,0.9359605911330049,0.5360824742268041,28,28,-1,1,0,191,0,1.8144329896907216,288758.525,-1,-1,-1,138563.86842105264,265930.6565656566,NaN,NaN,NaN,NaN,NaN,NaN
5250000,200,200,209,2592.918367346939,2970.029411764706,0.9081632653061225,0.46078431372549017,28,28,-1,1,0,209,0,2.156862745098039,293765.306,-1,-1,-1,173798.69101123596,306298.68316831684,NaN,NaN,NaN,NaN,NaN,NaN
5300000,200,200,169,2127.4010152284263,2957.0416666666665,0.9593908629441624,0.5059523809523809,28,28,-1,1,0,169,0,1.9523809523809523,299446.602,-1,-1,-1,164006.7513227513,271905.9298245614,NaN,NaN,NaN,NaN,NaN,NaN
5350000,200,200,204,2508.71921182266,2928.6878048780486,0.916256157635468,0.47804878048780486,28,28,-1,1,0,204,0,2.2536585365853656,300701.996,-1,-1,-1,163199.56451612903,294709.8932038835,NaN,NaN,NaN,NaN,NaN,NaN
5400000,200,200,223,2923.9,2988.0717488789237,0.89,0.4304932735426009,28,28,-1,1,0,223,0,2.1614349775784754,306850.634,-1,-1,-1,161269.11797752808,276018.29807692306,NaN,NaN,NaN,NaN,NaN,NaN
5450000,200,200,216,2941.39898989899,2993.9292452830186,0.8939393939393939,0.47641509433962265,28,28,-1,1,0,216,0,1.8962264150943395,307137.694,-1,-1,-1,166107.14689265538,309483.84210526315,NaN,NaN,NaN,NaN,NaN,NaN
5500000,200,200,201,2592.7363184079604,2966.2634146341466,0.9054726368159204,0.4878048780487805,28,28,-1,1,0,201,0,2.234146341463415,309911.725,-1,-1,-1,178204.8791208791,311858.53846153844,NaN,NaN,NaN,NaN,NaN,NaN
5550000,200,200,197,2594.0149253731342,2954.1472081218276,0.9253731343283582,0.49238578680203043,28,28,-1,1,0,197,0,1.984771573604061,309482.644,-1,-1,-1,162864.32258064515,294104.5048543689,NaN,NaN,NaN,NaN,NaN,NaN
5600000,200,200,219,2699.1306532663316,2887.6682027649767,0.9246231155778895,0.4470046082949309,28,28,-1,1,0,219,0,2.225806451612903,309724.598,-1,-1,-1,171588.25,312596.41584158415,NaN,NaN,NaN,NaN,NaN,NaN
5650000,200,200,255,3039.765,2943.0703125,0.9,0.3828125,28,28,-1,1,0,255,0,2.4921875,312822.042,-1,-1,-1,186574.23888888888,326052.06796116504,NaN,NaN,NaN,NaN,NaN,NaN
5700000,200,200,227,2841.9219512195123,2942.948275862069,0.9170731707317074,0.4482758620689655,28,28,-1,1,0,227,0,2.3663793103448274,309386.722,-1,-1,-1,170904.4840425532,318119.2376237624,NaN,NaN,NaN,NaN,NaN,NaN
5750000,200,200,256,2951.3229166666665,2961.3024193548385,0.8958333333333334,0.3911290322580645,28,28,-1,1,0,256,0,2.375,312166.471,-1,-1,-1,164726.16279069768,298241.05263157893,NaN,NaN,NaN,NaN,NaN,NaN
5800000,200,200,210,2788.7756097560978,2913.064814814815,0.9219512195121952,0.4722222222222222,28,28,-1,1,0,210,0,2.189814814814815,309415.31,-1,-1,-1,188045.72486772487,341736.9423076923,NaN,NaN,NaN,NaN,NaN,NaN
5850000,200,200,208,2619.7897435897435,2955.3564356435645,0.8974358974358975,0.4207920792079208,28,28,-1,1,0,208,0,2.128712871287129,319019.759,-1,-1,-1,189964.37142857144,304988.66972477065,NaN,NaN,NaN,NaN,NaN,NaN
5900000,200,200,236,2996.286432160804,2939.7596566523607,0.9045226130653267,0.4248927038626609,28,28,-1,1,0,236,0,2.2875536480686693,319022.881,-1,-1,-1,172993.3777777778,317742.9387755102,NaN,NaN,NaN,NaN,NaN,NaN
5950000,200,200,221,2710.980487804878,2964.070484581498,0.8975609756097561,0.4008810572687225,28,28,-1,1,0,221,0,2.462555066079295,325449.409,-1,-1,-1,197353.52717391305,315765.64347826084,NaN,NaN,NaN,NaN,NaN,NaN
6000000,200,200,232,2881.345,2959.103896103896,0.89,0.4069264069264069,28,28,-1,1,0,232,0,2.341991341991342,328957.225,-1,-1,-1,204026.10674157302,345872.82857142854,NaN,NaN,NaN,NaN,NaN,NaN
6050000,200,200,218,2667.895,2917.3257918552035,0.915,0.43891402714932126,28,28,-1,1,0,218,0,2.4660633484162897,329366.937,-1,-1,-1,201064.92349726777,347121.5188679245,NaN,NaN,NaN,NaN,NaN,NaN
6100000,200,200,223,2857.7611940298507,2930.663677130045,0.900497512437811,0.4349775784753363,28,28,-1,1,0,223,0,2.094170403587444,329146.965,-1,-1,-1,194220.9005524862,341300.8058252427,NaN,NaN,NaN,NaN,NaN,NaN
6150000,200,200,301,3545.795,2991.792642140468,0.81,0.35451505016722407,28,28,-1,1,0,301,0,2.4782608695652173,334984.051,-1,-1,-1,196481.45679012345,345978.2173913043,NaN,NaN,NaN,NaN,NaN,NaN
6200000,200,200,261,3093.918367346939,2963.2313725490194,0.8928571428571429,0.3764705882352941,28,28,-1,1,0,261,0,2.6980392156862747,335266.323,-1,-1,-1,189271.9942857143,337985.70408163266,NaN,NaN,NaN,NaN,NaN,NaN
6250000,200,200,243,3065.4951923076924,2935.640625,0.8990384615384616,0.41015625,28,28,-1,1,0,243,0,2.53515625,333394.119,-1,-1,-1,192871.807486631,333953.962962963,NaN,NaN,NaN,NaN,NaN,NaN
6300000,200,200,194,2358.8410256410257,2963.505319148936,0.9333333333333333,0.43617021276595747,28,28,-1,1,0,194,0,2.106382978723404,337759.842,-1,-1,-1,223694.66483516485,363503.83035714284,NaN,NaN,NaN,NaN,NaN,NaN
6350000,200,200,199,2574.0643564356437,2983.442786069652,0.8910891089108911,0.4228855721393035,28,28,-1,1,0,199,0,2.383084577114428,345552.533,-1,-1,-1,220531.00555555554,339278.47008547006,NaN,NaN,NaN,NaN,NaN,NaN
6400000,200,200,309,3545.8871794871793,2967.7475409836065,0.8512820512820513,0.36721311475409835,28,28,-1,1,0,309,0,2.685245901639344,340174.027,-1,-1,-1,183624.843373494,362877.6666666667,NaN,NaN,NaN,NaN,NaN,NaN
6450000,200,200,235,2958.78640776699,2986.0252100840335,0.8786407766990292,0.42436974789915966,28,28,-1,1,0,235,0,2.361344537815126,337513.313,-1,-1,-1,182994.16022099447,324724.93137254904,NaN,NaN,NaN,NaN,NaN,NaN
6500000,200,200,302,3327.9076923076923,2941.5151515151515,0.841025641025641,0.3434343434343434,28,28,-1,1,0,302,0,2.7946127946127945,339208.062,-1,-1,-1,198386.46951219512,349842.8064516129,NaN,NaN,NaN,NaN,NaN,NaN
6550000,200,200,338,3802.39898989899,2964.9821428571427,0.8232323232323232,0.34226190476190477,28,28,-1,1,0,338,0,2.863095238095238,335075.469,-1,-1,-1,162412.8282208589,318955.313253012,NaN,NaN,NaN,NaN,NaN,NaN
6600000,200,200,329,3405.4731707317073,2922.4259818731116,0.8292682926829268,0.32628398791540786,28,28,-1,1,0,329,0,2.9516616314199395,333644.775,-1,-1,-1,183125.05294117646,331183.60638297873,NaN,NaN,NaN,NaN,NaN,NaN
6650000,200,200,271,2775.782828282828,2977.6937269372693,0.8585858585858586,0.30996309963099633,28,28,-1,1,0,271,0,3.5535055350553506,347505.264,-1,-1,-1,225877.18823529413,331026.9137931034,NaN,NaN,NaN,NaN,NaN,NaN
6700000,200,200,241,2603.458128078818,2958.3456790123455,0.8669950738916257,0.345679012345679,28,28,-1,1,0,241,0,2.888888888888889,357548.61,-1,-1,-1,239986.78977272726,357946.39830508473,NaN,NaN,NaN,NaN,NaN,NaN
6750000,200,200,324,3303.97,2979.1370716510905,0.825,0.2897196261682243,28,28,-1,1,0,324,0,3.4953271028037385,364667.215,-1,-1,-1,224751.20606060605,356576.4326923077,NaN,NaN,NaN,NaN,NaN,NaN
6800000,200,200,272,3152.7626262626263,2983.6123188405795,0.8535353535353535,0.3804347826086957,28,28,-1,1,0,272,0,2.7753623188405796,365144.034,-1,-1,-1,211288.36094674555,360684.17171717173,NaN,NaN,NaN,NaN,NaN,NaN
6850000,200,200,291,2958.522613065327,2914.684210526316,0.8140703517587939,0.2982456140350877,28,28,-1,1,0,291,0,3.0105263157894737,377362.489,-1,-1,-1,248293.64197530865,369023.57798165135,NaN,NaN,NaN,NaN,NaN,NaN
6900000,200,200,332,3460.5939086294416,2912.972972972973,0.8223350253807107,0.30930930930930933,28,28,-1,1,0,332,0,2.975975975975976,380993.149,-1,-1,-1,224672.83950617284,371397.9591836735,NaN,NaN,NaN,NaN,NaN,NaN
6950000,200,200,346,3466.5392156862745,2942.0085959885387,0.7843137254901961,0.2836676217765043,28,28,-1,2.3352601156069364,0,346,0,3.489971346704871,389850.857,-1,-1,-1,240947.63125,370688.66346153844,NaN,NaN,NaN,NaN,NaN,NaN
7000000,200,200,392,3811.0304568527918,2964.819587628866,0.7766497461928934,0.26804123711340205,28,28,-1,81.3188775510204,0,392,0,3.518041237113402,394771.227,-1,-1,-1,257117.69281045752,427597.902173913,NaN,NaN,NaN,NaN,NaN,NaN
7050000,200,200,307,3428.0343137254904,2962.326860841424,0.8186274509803921,0.3333333333333333,28,28,-1,1.3485342019543973,0,307,0,2.9773462783171523,394251.874,-1,-1,-1,249480.91616766466,420841.54545454547,NaN,NaN,NaN,NaN,NaN,NaN
7100000,200,200,309,3481.105,2986.94498381877,0.805,0.343042071197411,28,28,-1,1,0,309,0,2.70873786407767,393772.173,-1,-1,-1,218452.73291925466,374158.40425531915,NaN,NaN,NaN,NaN,NaN,NaN
7150000,200,200,333,3046.4619289340103,2964.8727272727274,0.8477157360406091,0.2696969696969697,28,28,-1,1,0,333,0,3.912121212121212,399079.003,-1,-1,-1,272341.8323353293,421121.1666666667,NaN,NaN,NaN,NaN,NaN,NaN
7200000,200,200,305,3107.41,2923.5584415584417,0.84,0.3116883116883117,28,28,-1,1,0,305,0,3.2045454545454546,402633.794,-1,-1,-1,265228.9880952381,416434.2990654206,NaN,NaN,NaN,NaN,NaN,NaN
7250000,200,200,418,3893.959595959596,2994.639024390244,0.7575757575757576,0.23658536585365852,28,28,-1,21.605263157894736,0,418,0,3.6682926829268294,409427.44,-1,-1,-1,262375.54,414277.16842105263,NaN,NaN,NaN,NaN,NaN,NaN
7300000,200,200,381,3641.41,2940.7682291666665,0.785,0.2838541666666667,28,28,-1,8.637795275590552,0,381,0,3.4296875,409210.767,-1,-1,-1,247493.3694267516,413366.58510638296,NaN,NaN,NaN,NaN,NaN,NaN
7350000,200,200,416,3825.0101522842638,2941.3106796116504,0.7766497461928934,0.2669902912621359,28,28,-1,30.05048076923077,0,416,0,3.621359223300971,405471.163,-1,-1,-1,227165.19607843139,404142.73255813954,NaN,NaN,NaN,NaN,NaN,NaN
7400000,200,200,346,3456.293269230769,2950.8061797752807,0.8173076923076923,0.2752808988764045,28,28,-1,4.416184971098266,0,346,0,3.710674157303371,408284.864,-1,-1,-1,302778.9705882353,459575.22321428574,NaN,NaN,NaN,NaN,NaN,NaN
7450000,200,200,359,3340.507692307692,2985.0308988764045,0.841025641025641,0.27247191011235955,28,28,-1,11.225626740947074,0,359,0,3.6657303370786516,405775.884,-1,-1,-1,253712.86585365853,416089.1,NaN,NaN,NaN,NaN,NaN,NaN
7500000,200,200,332,3368.995169082126,2954.5722891566265,0.7971014492753623,0.2710843373493976,28,28,-1,3.4216867469879517,0,332,0,3.38855421686747,410856.856,-1,-1,-1,292983.8303030303,439475.7454545455,NaN,NaN,NaN,NaN,NaN,NaN
7550000,200,200,350,3264.33,2927.0649717514125,0.82,0.268361581920904,28,28,-1,1,0,350,0,3.694915254237288,415903.903,-1,-1,-1,283436.46341463417,426454.8623853211,NaN,NaN,NaN,NaN,NaN,NaN
7600000,200,200,352,3240.1479591836733,2943.651296829971,0.8010204081632653,0.2564841498559078,28,28,-1,1,0,352,0,3.6945244956772334,423803.54,-1,-1,-1,256403.88535031848,379768.0188679245,NaN,NaN,NaN,NaN,NaN,NaN
7650000,200,200,370,3296.99,2912.9274193548385,0.79,0.25,28,28,-1,1,0,370,0,3.8118279569892475,432468.42,-1,-1,-1,310254.39873417723,449726.55963302753,NaN,NaN,NaN,NaN,NaN,NaN
7700000,200,200,388,3649.0867346938776,2946.5078125,0.75,0.25,28,28,-1,2.077319587628866,0,389,0,3.6328125,441378.613,-1,-1,-1,299887.78231292515,445287.9191919192,NaN,NaN,NaN,NaN,NaN,NaN
7750000,200,200,426,3495.360975609756,2955.3887587822014,0.7609756097560976,0.21311475409836064,28,28,-1,52.49530516431925,0,425,0,4.255269320843091,452825.056,-1,-1,-1,337645.8141025641,474529.25225225225,NaN,NaN,NaN,NaN,NaN,NaN
7800000,200,200,419,3459.2713567839196,2969.9425837320573,0.7638190954773869,0.22727272727272727,28,28,-1,15.272076372315036,0,419,0,4.282296650717703,460853.338,-1,-1,-1,315453.9868421053,461048.1346153846,NaN,NaN,NaN,NaN,NaN,NaN
7850000,200,200,407,3464.3041237113403,2916.9228855721394,0.7474226804123711,0.208955223880597,28,28,-1,4.631449631449631,3,410,0,4.052238805970149,478202.335,-1,-1,-1,363472.36551724136,487995.30555555556,NaN,NaN,NaN,NaN,NaN,NaN
7900000,200,200,474,4032.6732673267325,2944.8734177215188,0.7128712871287128,0.2109704641350211,28,28,-1,455.93037974683546,2,473,0,4.556962025316456,489656.291,-1,-1,-1,323709.52777777775,461526.45544554456,NaN,NaN,NaN,NaN,NaN,NaN
7950000,200,200,475,4190.178571428572,2961.4547368421054,0.7040816326530612,0.20421052631578948,28,28,-1,671.9578947368421,12,485,0,4.646315789473684,498398.605,-1,-1,-1,328962.652173913,488138.12903225806,NaN,NaN,NaN,NaN,NaN,NaN
8000000,200,200,471,4626.554455445545,2953.4989384288747,0.6237623762376238,0.19745222929936307,28,28,-1,964.7770700636943,24,483,0,4.505307855626327,519378.76,-1,-1,-1,420823.2619047619,558144.5368421052,NaN,NaN,NaN,NaN,NaN,NaN
8050000,200,200,477,4831.956097560976,2966.7148846960167,0.5707317073170731,0.18448637316561844,28,28,-1,2657.488469601677,40,493,0,4.654088050314465,549102.003,-1,-1,-1,460301.905982906,560992.9479166666,NaN,NaN,NaN,NaN,NaN,NaN
8100000,200,200,469,4937.732984293194,2954.3454157782517,0.581151832460733,0.18976545842217485,28,28,-1,4635.961620469083,60,489,0,4.537313432835821,568094.1938461538,-1,-1,-1,467247.5495495495,569939.3186813187,NaN,NaN,NaN,NaN,NaN,NaN
8150000,200,200,478,5031.515,2937.7112970711296,0.51,0.16736401673640167,28,28,-1,6028.702928870292,84,502,0,4.589958158995816,588090.0130151844,-1,-1,-1,576795.5980392157,612845.3229166666,NaN,NaN,NaN,NaN,NaN,NaN
8200000,200,200,471,5485.61,2957.3163481953293,0.435,0.16348195329087048,28,28,-1,7902.265392781316,120,507,0,4.791932059447983,611144.5336426914,-1,-1,-1,576281.2413793104,576281.2413793104,NaN,NaN,NaN,NaN,NaN,NaN
8250000,200,200,474,5696.4540816326535,2946.8776371308018,0.413265306122449,0.20675105485232068,28,28,-1,10326.801687763713,141,495,0,4.867088607594937,636242.2812887237,-1,-1,-1,578162.2839506173,578162.2839506173,NaN,NaN,NaN,NaN,NaN,NaN
8300000,200,200,479,6312.689655172414,2938.4572025052194,0.33497536945812806,0.14822546972860126,28,28,-1,12574.156576200417,199,537,3,4.849686847599165,657605.4018817204,-1,-1,-1,654014.2647058824,654014.2647058824,NaN,NaN,NaN,NaN,NaN,NaN
8350000,200,200,476,3904.3014354066986,2946.873949579832,0.3588516746411483,0.15336134453781514,28,28,-1,15565.848739495797,200,478,51,4.686974789915967,676086.388478582,-1,-1,-1,691710.4533333334,691710.4533333334,NaN,NaN,NaN,NaN,NaN,NaN
8400000,200,200,472,4092.5888324873094,2955.938559322034,0.3401015228426396,0.18008474576271186,28,28,-1,17046.514830508473,200,473,48,5.216101694915254,698007.5331179322,-1,-1,-1,681381.7462686567,681381.7462686567,NaN,NaN,NaN,NaN,NaN,NaN
8450000,200,200,473,4380.470588235294,2953.5116279069766,0.27941176470588236,0.18181818181818182,28,28,-1,18480.44820295983,200,475,57,5.128964059196617,715930.4216216216,-1,-1,-1,701693.754385965,701693.754385965,NaN,NaN,NaN,NaN,NaN,NaN
8500000,200,200,478,3572.485294117647,2939.784518828452,0.23529411764705882,0.14435146443514643,28,28,-1,19373.39539748954,200,480,83,5.2468619246861925,737395.924,-1,-1,-1,728346.6041666666,728346.6041666666,NaN,NaN,NaN,NaN,NaN,NaN
8550000,200,200,473,2916.48,2963.877378435518,0.225,0.12473572938689217,28,28,-1,19898.215644820295,199,474,97,5.799154334038055,757852.5325842696,-1,-1,-1,743595.911111111,743595.911111111,NaN,NaN,NaN,NaN,NaN,NaN
8600000,200,200,474,2756.680412371134,2941.3607594936707,0.18556701030927836,0.12025316455696203,28,28,-1,20414.649789029536,200,478,106,5.864978902953586,779543.3730964467,-1,-1,-1,742487.1944444445,742487.1944444445,NaN,NaN,NaN,NaN,NaN,NaN
8650000,200,200,471,3690.4471153846152,2980.91932059448,0.22596153846153846,0.1464968152866242,28,28,-1,20612.929936305733,200,473,84,6.373673036093418,801997.9681159421,-1,-1,-1,760301.7872340425,760301.7872340425,NaN,NaN,NaN,NaN,NaN,NaN
8700000,200,200,479,3072.461139896373,2900.265135699374,0.17616580310880828,0.13569937369519833,28,28,-1,20694.530271398748,200,482,101,6.27348643006263,824313.9158249159,-1,-1,-1,836891.4117647059,836891.4117647059,NaN,NaN,NaN,NaN,NaN,NaN
8750000,200,200,474,3368.009900990099,2942.428270042194,0.16831683168316833,0.1371308016877637,28,28,-1,20677.5,200,477,101,6.852320675105485,846812.3134920635,-1,-1,-1,831131.6176470588,831131.6176470588,NaN,NaN,NaN,NaN,NaN,NaN
8800000,200,200,476,2868.545,2975.2542016806724,0.09,0.12184873949579832,28,28,-1,20808.638655462186,200,477,124,6.836134453781512,866516.9117647059,-1,-1,-1,857591.2222222222,857591.2222222222,NaN,NaN,NaN,NaN,NaN,NaN
8850000,200,200,473,3192.0199004975125,2946.7505285412262,0.0945273631840796,0.12896405919661733,28,28,-1,20871.463002114164,200,477,120,6.906976744186046,891881.7245508982,-1,-1,-1,877756.1052631579,877756.1052631579,NaN,NaN,NaN,NaN,NaN,NaN
8900000,200,200,470,3097.6862745098038,2960.631914893617,0.08823529411764706,0.12127659574468085,28,28,-1,20891.161702127658,200,474,125,7.138297872340425,912421.3548387097,-1,-1,-1,891280.1666666666,891280.1666666666,NaN,NaN,NaN,NaN,NaN,NaN
8950000,200,200,484,2792.876923076923,2909.5743801652893,0.041025641025641026,0.11776859504132231,28,28,-1,20961.896694214876,200,488,135,7.1570247933884295,926579.5569620254,-1,-1,-1,929295.5,929295.5,NaN,NaN,NaN,NaN,NaN,NaN
9000000,200,200,477,2420.3383084577113,2953.1090146750525,0.01990049751243781,0.09643605870020965,28,28,-1,20950.51572327044,199,479,151,7.568134171907757,945232.5416666666,-1,-1,-1,950347.5,950347.5,NaN,NaN,NaN,NaN,NaN,NaN
9050000,200,200,464,2407.868686868687,2975.3987068965516,0.030303030303030304,0.10129310344827586,28,28,-1,20987.70474137931,200,468,146,8.008620689655173,969467.5555555555,-1,-1,-1,949005.1666666666,949005.1666666666,NaN,NaN,NaN,NaN,NaN,NaN
9100000,200,200,479,2220.645631067961,2939.9311064718163,0,0.07933194154488518,28,28,-1,20991.108559498956,200,482,162,8.313152400835072,982689.4285714285,-1,-1,-1,NaN,NaN,NaN,NaN,NaN,NaN,NaN,NaN
9150000,200,200,473,2284.0510204081634,2959.2389006342496,0,0.09725158562367865,28,28,-1,21018.46511627907,200,477,154,8.809725158562367,1007560,-1,-1,-1,NaN,NaN,NaN,NaN,NaN,NaN,NaN,NaN
9200000,200,200,474,2032.3300970873786,2955.0864978902955,0,0.07383966244725738,28,28,-1,21037.310126582277,200,476,165,8.845991561181435,1057560,-1,-1,-1,NaN,NaN,NaN,NaN,NaN,NaN,NaN,NaN
9250000,200,200,472,1927.8984771573605,2987.936440677966,0,0.0826271186440678,28,28,-1,21055.504237288136,199,475,162,9.495762711864407,1107560,-1,-1,-1,NaN,NaN,NaN,NaN,NaN,NaN,NaN,NaN
9300000,200,200,471,1554.0338164251207,2958.184713375796,0,0.04883227176220807,28,28,-1,21068.40976645435,200,474,176,9.893842887473461,1157560,-1,-1,-1,NaN,NaN,NaN,NaN,NaN,NaN,NaN,NaN
9350000,200,200,469,1500,2979.9680170575693,0,0.06183368869936034,28,28,-1,21094.3539445629,200,475,171,10.846481876332623,1207560,-1,-1,-1,NaN,NaN,NaN,NaN,NaN,NaN,NaN,NaN
9400000,200,200,467,1802.125,2980.9421841541757,0,0.06638115631691649,28,28,-1,21132.408993576017,200,473,169,11.034261241970022,1257560,-1,-1,-1,NaN,NaN,NaN,NaN,NaN,NaN,NaN,NaN
9450000,200,200,476,1262.4626865671642,2960.5378151260506,0,0.04411764705882353,28,28,-1,21132.66386554622,200,480,179,11.804621848739496,1307560,-1,-1,-1,NaN,NaN,NaN,NaN,NaN,NaN,NaN,NaN
9500000,200,200,471,1177.6030150753768,2964.1422505307855,0,0.050955414012738856,28,28,-1,21126.87473460722,200,472,176,12.560509554140127,1357560,-1,-1,-1,NaN,NaN,NaN,NaN,NaN,NaN,NaN,NaN
9550000,200,200,476,1421.2663316582914,2948.138655462185,0,0.052521008403361345,28,28,-1,21123.355042016807,199,481,176,13.142857142857142,1407560,-1,-1,-1,NaN,NaN,NaN,NaN,NaN,NaN,NaN,NaN
9600000,200,200,474,1330.4545454545455,2955.084388185654,0,0.04430379746835443,28,28,-1,21122.073839662447,200,482,178,13.251054852320674,1457560,-1,-1,-1,NaN,NaN,NaN,NaN,NaN,NaN,NaN,NaN
9650000,200,200,464,1326.1650485436894,2992.646551724138,0,0.03879310344827586,28,28,-1,21133.915948275862,200,468,182,13.946120689655173,1507560,-1,-1,-1,NaN,NaN,NaN,NaN,NaN,NaN,NaN,NaN
9700000,200,200,479,1002.6666666666666,2935.519832985386,0,0.03966597077244259,28,28,-1,21116.72860125261,200,485,181,14.569937369519833,1557560,-1,-1,-1,NaN,NaN,NaN,NaN,NaN,NaN,NaN,NaN
9750000,200,200,472,1749.8349514563106,2953,0.0048543689320388345,0.05084745762711865,28,28,-1,21119.09533898305,200,479,175,14.51906779661017,1607560,-1,-1,-1,1586563,1586563,NaN,NaN,NaN,NaN,NaN,NaN
9800000,200,200,477,1624.328282828283,2927.2976939203354,0,0.06079664570230608,28,28,-1,21097.572327044025,200,483,171,14.744234800838575,1657560,-1,-1,-1,NaN,NaN,NaN,NaN,NaN,NaN,NaN,NaN
9850000,200,200,472,1330.4545454545455,2973.521186440678,0,0.046610169491525424,28,28,-1,21083.603813559323,200,479,178,15.171610169491526,1707560,-1,-1,-1,NaN,NaN,NaN,NaN,NaN,NaN,NaN,NaN
9900000,200,200,473,1918.9310344827586,2958.5983086680762,0,0.06553911205073996,28,28,-1,21092.084566596193,199,479,170,15.439746300211416,1757560,-1,-1,-1,NaN,NaN,NaN,NaN,NaN,NaN,NaN,NaN
9950000,200,200,475,1386.3857868020305,2947.1894736842105,0,0.05473684210526316,28,28,-1,21080.191578947368,200,480,173,14.96,1807560,-1,-1,-1,NaN,NaN,NaN,NaN,NaN,NaN,NaN,NaN
10000000,200,200,477,1705.165,2949.7421383647797,0,0.05870020964360587,28,28,-1,21104.224318658282,200,483,172,15.044025157232705,1857560,-1,-1,-1,NaN,NaN,NaN,NaN,NaN,NaN,NaN,NaN