,meanAvailabilityFromY,meanAvailabilityFromY,meanAvailabilityFromY,meanAvailabilityFromY,meanAvailabilityFromY,meanAvailabilityFromY,meanAvailabilityFromY,,loadFromY,loadFromY,loadFromY,loadFromY,loadFromY,loadFromY,loadFromY,,meanTriesPerRequest,meanTriesPerRequest,meanTriesPerRequest,meanTriesPerRequest,meanTriesPerRequest,meanTriesPerRequest,meanTriesPerRequest,,meanResponseP1Availability,meanResponseP1Availability,meanResponseP1Availability,meanResponseP1Availability,meanResponseP1Availability,meanResponseP1Availability,meanResponseP1Availability,,meanResponseP2Availability,meanResponseP2Availability,meanResponseP2Availability,meanResponseP2Availability,meanResponseP2Availability,meanResponseP2Availability,meanResponseP2Availability,,meanResponseP3Availability,meanResponseP3Availability,meanResponseP3Availability,meanResponseP3Availability,meanResponseP3Availability,meanResponseP3Availability,meanResponseP3Availability,
,A - Naive,APrime - NaivePrime,F - AsyncCacheLoading,FPrime - AsyncCacheLoadingPrime,FPrimePrime - AsyncCacheLoadingPrimePrime,H - Retries,I - InfiniteRetries,,A - Naive,APrime - NaivePrime,F - AsyncCacheLoading,FPrime - AsyncCacheLoadingPrime,FPrimePrime - AsyncCacheLoadingPrimePrime,H - Retries,I - InfiniteRetries,,A - Naive,APrime - NaivePrime,F - AsyncCacheLoading,FPrime - AsyncCacheLoadingPrime,FPrimePrime - AsyncCacheLoadingPrimePrime,H - Retries,I - InfiniteRetries,,A - Naive,APrime - NaivePrime,F - AsyncCacheLoading,FPrime - AsyncCacheLoadingPrime,FPrimePrime - AsyncCacheLoadingPrimePrime,H - Retries,I - InfiniteRetries,,A - Naive,APrime - NaivePrime,F - AsyncCacheLoading,FPrime - AsyncCacheLoadingPrime,FPrimePrime - AsyncCacheLoadingPrimePrime,H - Retries,I - InfiniteRetries,,A - Naive,APrime - NaivePrime,F - AsyncCacheLoading,FPrime - AsyncCacheLoadingPrime,FPrimePrime - AsyncCacheLoadingPrimePrime,H - Retries,I - InfiniteRetries,
50000,0.48936170212765956,0.9162011173184358,0.015,0.035,0.05,0.7027027027027027,0.6270270270270271,,200,324,200,347,377,303,379,,1,1.4983498349834983,1,1.7608695652173914,1.86,1.4125874125874125,1.9103641456582634,,NaN,NaN,NaN,NaN,0.04938271604938271,NaN,NaN,,NaN,NaN,NaN,NaN,0.06557377049180328,NaN,NaN,,NaN,NaN,NaN,NaN,0.034482758620689655,NaN,NaN,
100000,0.5323383084577115,0.9264705882352942,0.09,0.115,0.095,0.7475247524752475,0.6868686868686869,,200,337,200,344,355,268,340,,1,1.5395894428152492,1,1.664756446991404,1.9171270718232045,1.4243542435424354,1.8911764705882352,,NaN,NaN,NaN,NaN,0.13846153846153847,NaN,NaN,,NaN,NaN,NaN,NaN,0.0967741935483871,NaN,NaN,,NaN,NaN,NaN,NaN,0.0547945205479452,NaN,NaN,
150000,0.635,0.9137055837563451,0.105,0.23,0.19,0.7587939698492462,0.7733990147783252,,200,327,200,339,311,259,274,,1,1.5030864197530864,1,1.6744868035190617,1.5974025974025974,1.4069767441860466,1.8237410071942446,,NaN,NaN,NaN,NaN,0.18333333333333332,NaN,NaN,,NaN,NaN,NaN,NaN,0.21428571428571427,NaN,NaN,,NaN,NaN,NaN,NaN,0.17142857142857143,NaN,NaN,
200000,0.62,0.9655172413793104,0.2,0.305,0.305,0.8536585365853658,0.7951219512195122,,200,304,200,313,310,211,245,,1,1.4332247557003257,1,1.5480769230769231,1.6687697160883281,1.3611111111111112,1.5256916996047432,,NaN,NaN,NaN,NaN,0.3181818181818182,NaN,NaN,,NaN,NaN,NaN,NaN,0.29411764705882354,NaN,NaN,,NaN,NaN,NaN,NaN,0.30303030303030304,NaN,NaN,
250000,0.7035175879396985,0.9655172413793104,0.27,0.37,0.38,0.8520408163265306,0.85,,200,297,200,282,296,192,210,,1,1.4133333333333333,1,1.4119718309859155,1.5151515151515151,1.3386243386243386,1.5741626794258374,,NaN,NaN,NaN,NaN,0.3389830508474576,NaN,NaN,,NaN,NaN,NaN,NaN,0.43243243243243246,NaN,NaN,,NaN,NaN,NaN,NaN,0.3582089552238806,NaN,NaN,
300000,0.7,0.9798994974874372,0.325,0.495,0.43,0.8975609756097561,0.8894472361809045,,200,271,200,293,282,163,178,,1,1.337037037037037,1,1.477815699658703,1.4063604240282686,1.2738095238095237,1.398876404494382,,NaN,NaN,NaN,NaN,0.36666666666666664,NaN,NaN,,NaN,NaN,NaN,NaN,0.4603174603174603,NaN,NaN,,NaN,NaN,NaN,NaN,0.45454545454545453,NaN,NaN,
350000,0.7412935323383084,0.975,0.25,0.5,0.51,0.9353233830845771,0.8970588235294118,,200,270,200,256,273,124,166,,1,1.3148148148148149,1,1.273076923076923,1.4022140221402215,1.264,1.3470588235294119,,NaN,NaN,NaN,NaN,0.5,NaN,NaN,,NaN,NaN,NaN,NaN,0.4533333333333333,NaN,NaN,,NaN,NaN,NaN,NaN,0.5964912280701754,NaN,NaN,
400000,0.795,1,0.41,0.48,0.515,0.945273631840796,0.9502487562189055,,200,259,200,261,261,113,126,,1,1.2627450980392156,1,1.3035019455252919,1.297709923664122,1.2280701754385965,1.253968253968254,,NaN,NaN,NaN,NaN,0.4153846153846154,NaN,NaN,,NaN,NaN,NaN,NaN,0.5454545454545454,NaN,NaN,,NaN,NaN,NaN,NaN,0.5862068965517241,NaN,NaN,
450000,0.7661691542288557,1,0.435,0.48,0.555,0.945273631840796,0.9246231155778895,,200,242,200,259,250,115,143,,1,1.2186234817813766,1,1.3015267175572518,1.2570281124497993,1.2327586206896552,1.3194444444444444,,NaN,NaN,NaN,NaN,0.5,NaN,NaN,,NaN,NaN,NaN,NaN,0.6216216216216216,NaN,NaN,,NaN,NaN,NaN,NaN,0.5333333333333333,NaN,NaN,
500000,0.8375634517766497,1,0.425,0.52,0.505,0.9489795918367347,0.9696969696969697,,200,230,200,237,247,99,106,,1,1.1379310344827587,1,1.180672268907563,1.21285140562249,1.1894736842105262,1.1730769230769231,,NaN,NaN,NaN,NaN,0.5757575757575758,NaN,NaN,,NaN,NaN,NaN,NaN,0.46153846153846156,NaN,NaN,,NaN,NaN,NaN,NaN,0.4782608695652174,NaN,NaN,
550000,0.8663366336633663,1,0.57,0.5,0.51,0.9556650246305419,0.9701492537313433,,200,239,200,235,223,122,105,,1,1.1864406779661016,1,1.1787234042553192,1.1614349775784754,1.176,1.0849056603773586,,NaN,NaN,NaN,NaN,0.47761194029850745,NaN,NaN,,NaN,NaN,NaN,NaN,0.5142857142857142,NaN,NaN,,NaN,NaN,NaN,NaN,0.5396825396825397,NaN,NaN,
600000,0.9296482412060302,1,0.525,0.47,0.5,1,0.9751243781094527,,200,222,200,247,230,102,97,,1,1.1066666666666667,1,1.2235772357723578,1.1572052401746724,1.1057692307692308,1.1938775510204083,,NaN,NaN,NaN,NaN,0.4142857142857143,NaN,NaN,,NaN,NaN,NaN,NaN,0.6153846153846154,NaN,NaN,,NaN,NaN,NaN,NaN,0.47692307692307695,NaN,NaN,
650000,0.9353233830845771,1,0.46,0.445,0.525,0.985,0.9545454545454546,,200,222,200,221,216,100,114,,1,1.1040723981900453,1,1.1333333333333333,1.0829493087557605,1.1,1.1071428571428572,,NaN,NaN,NaN,NaN,0.5081967213114754,NaN,NaN,,NaN,NaN,NaN,NaN,0.5166666666666667,NaN,NaN,,NaN,NaN,NaN,NaN,0.5443037974683544,NaN,NaN,
700000,0.95,1,0.525,0.525,0.49,0.9801980198019802,0.9803921568627451,,200,214,200,214,219,96,107,,1,1.0930232558139534,1,1.0704225352112675,1.1176470588235294,1.0612244897959184,1.1081081081081081,,NaN,NaN,NaN,NaN,0.42592592592592593,NaN,NaN,,NaN,NaN,NaN,NaN,0.5974025974025974,NaN,NaN,,NaN,NaN,NaN,NaN,0.42028985507246375,NaN,NaN,
750000,0.9494949494949495,1,0.6,0.565,0.505,1,0.9848484848484849,,200,215,200,211,209,84,113,,1,1.0794392523364487,1,1.0432692307692308,1.0384615384615385,1.0123456790123457,1.054054054054054,,NaN,NaN,NaN,NaN,0.484375,NaN,NaN,,NaN,NaN,NaN,NaN,0.5,NaN,NaN,,NaN,NaN,NaN,NaN,0.5357142857142857,NaN,NaN,
800000,0.9603960396039604,1,0.54,0.605,0.485,0.9948979591836735,0.9949748743718593,,200,206,200,205,205,100,90,,1,1.0239234449760766,1,1.0338164251207729,1.0292682926829269,1.0416666666666667,1.0449438202247192,,NaN,NaN,NaN,NaN,0.5,NaN,NaN,,NaN,NaN,NaN,NaN,0.5737704918032787,NaN,NaN,,NaN,NaN,NaN,NaN,0.38461538461538464,NaN,NaN,
850000,0.9900497512437811,1,0.57,0.53,0.52,1,0.9950738916256158,,200,201,200,200,206,94,81,,1,1.0149253731343284,1,1,1.029126213592233,1.010752688172043,1.0119047619047619,,NaN,NaN,NaN,NaN,0.5294117647058824,NaN,NaN,,NaN,NaN,NaN,NaN,0.5303030303030303,NaN,NaN,,NaN,NaN,NaN,NaN,0.5,NaN,NaN,
900000,0.985,1,0.555,0.515,0.48,1,1,,200,201,200,200,201,86,102,,1,1.005,1,1,1.0049261083743843,1,1,,NaN,NaN,NaN,NaN,0.43478260869565216,NaN,NaN,,NaN,NaN,NaN,NaN,0.5,NaN,NaN,,NaN,NaN,NaN,NaN,0.5072463768115942,NaN,NaN,
950000,1,1,0.48,0.525,0.55,1,1,,200,200,200,201,202,91,90,,1,1,1,1.0049751243781095,1.0099502487562189,1,1,,NaN,NaN,NaN,NaN,0.6,NaN,NaN,,NaN,NaN,NaN,NaN,0.5806451612903226,NaN,NaN,,NaN,NaN,NaN,NaN,0.48717948717948717,NaN,NaN,
1000000,1,1,0.48,0.515,0.55,1,1,,200,200,200,200,200,95,94,,1,1,1,1,1,1,1,,NaN,NaN,NaN,NaN,0.5230769230769231,NaN,NaN,,NaN,NaN,NaN,NaN,0.6206896551724138,NaN,NaN,,NaN,NaN,NaN,NaN,0.5194805194805194,NaN,NaN,
1050000,1,1,0.54,0.485,0.535,1,1,,200,200,200,200,201,92,85,,1,1,1,1,1.004950495049505,1,1,,NaN,NaN,NaN,NaN,0.47761194029850745,NaN,NaN,,NaN,NaN,NaN,NaN,0.5,NaN,NaN,,NaN,NaN,NaN,NaN,0.6197183098591549,NaN,NaN,
1100000,1,1,0.54,0.59,0.56,1,1,,200,202,200,200,202,96,91,,1,1,1,1,1.0099502487562189,1,1,,NaN,NaN,NaN,NaN,0.5161290322580645,NaN,NaN,,NaN,NaN,NaN,NaN,0.5441176470588235,NaN,NaN,,NaN,NaN,NaN,NaN,0.6142857142857143,NaN,NaN,
1150000,0.9949748743718593,1,0.585,0.53,0.525,1,0.995049504950495,,200,202,200,205,204,103,94,,1,1.019704433497537,1,1.0198019801980198,1.0245098039215685,1.01,1.0208333333333333,,NaN,NaN,NaN,NaN,0.6268656716417911,NaN,NaN,,NaN,NaN,NaN,NaN,0.5362318840579711,NaN,NaN,,NaN,NaN,NaN,NaN,0.40625,NaN,NaN,
1200000,0.9950248756218906,1,0.535,0.53,0.58,1,1,,200,201,200,204,204,95,106,,1,1.0049751243781095,1,1.0241545893719808,1.0199004975124377,1.0108695652173914,1.0192307692307692,,NaN,NaN,NaN,NaN,0.559322033898305,NaN,NaN,,NaN,NaN,NaN,NaN,0.65,NaN,NaN,,NaN,NaN,NaN,NaN,0.5432098765432098,NaN,NaN,
1250000,0.985,1,0.495,0.5,0.57,1,0.995,,200,207,200,204,208,89,93,,1,1.0334928229665072,1,1.015,1.0380952380952382,1.0108695652173914,1.043010752688172,,NaN,NaN,NaN,NaN,0.4838709677419355,NaN,NaN,,NaN,NaN,NaN,NaN,0.6567164179104478,NaN,NaN,,NaN,NaN,NaN,NaN,0.5633802816901409,NaN,NaN,
1300000,0.9356435643564357,1,0.56,0.53,0.54,0.9796954314720813,0.9948979591836735,,200,207,200,208,209,102,101,,1,1.0246305418719213,1,1.0478468899521531,1.042857142857143,1.0707070707070707,1.041237113402062,,NaN,NaN,NaN,NaN,0.5692307692307692,NaN,NaN,,NaN,NaN,NaN,NaN,0.47368421052631576,NaN,NaN,,NaN,NaN,NaN,NaN,0.5932203389830508,NaN,NaN,
1350000,0.9698492462311558,1,0.51,0.53,0.56,0.9899497487437185,0.99,,200,215,200,208,212,111,101,,1,1.0694444444444444,1,1.0289855072463767,1.062200956937799,1.0545454545454545,1.0693069306930694,,NaN,NaN,NaN,NaN,0.5454545454545454,NaN,NaN,,NaN,NaN,NaN,NaN,0.5423728813559322,NaN,NaN,,NaN,NaN,NaN,NaN,0.5866666666666667,NaN,NaN,
1400000,0.905,0.9950248756218906,0.575,0.535,0.6,0.9852216748768473,0.9900497512437811,,200,228,200,219,216,86,87,,1,1.1528384279475983,1,1.0909090909090908,1.0779816513761469,1.0561797752808988,1.0454545454545454,,NaN,NaN,NaN,NaN,0.5517241379310345,NaN,NaN,,NaN,NaN,NaN,NaN,0.6049382716049383,NaN,NaN,,NaN,NaN,NaN,NaN,0.639344262295082,NaN,NaN,
1450000,0.87,1,0.53,0.545,0.525,0.9798994974874372,0.9658536585365853,,200,216,200,221,227,99,106,,1,1.0691244239631337,1,1.0986547085201794,1.1233480176211454,1.1122448979591837,1.135135135135135,,NaN,NaN,NaN,NaN,0.5441176470588235,NaN,NaN,,NaN,NaN,NaN,NaN,0.5492957746478874,NaN,NaN,,NaN,NaN,NaN,NaN,0.47540983606557374,NaN,NaN,
1500000,0.87,1,0.56,0.58,0.53,0.985,0.9690721649484536,,200,222,200,233,231,100,102,,1,1.1040723981900453,1,1.1724137931034482,1.1403508771929824,1.09,1.1354166666666667,,NaN,NaN,NaN,NaN,0.5,NaN,NaN,,NaN,NaN,NaN,NaN,0.5517241379310345,NaN,NaN,,NaN,NaN,NaN,NaN,0.5405405405405406,NaN,NaN,
1550000,0.8,0.9949494949494949,0.495,0.535,0.54,0.9848484848484849,0.9441624365482234,,200,240,200,235,241,111,127,,1,1.180672268907563,1,1.1772151898734178,1.1950207468879668,1.1009174311926606,1.1951219512195121,,NaN,NaN,NaN,NaN,0.5454545454545454,NaN,NaN,,NaN,NaN,NaN,NaN,0.5333333333333333,NaN,NaN,,NaN,NaN,NaN,NaN,0.5405405405405406,NaN,NaN,
1600000,0.7738693467336684,0.9949748743718593,0.59,0.52,0.53,0.9253731343283582,0.926829268292683,,200,240,200,260,237,127,114,,1,1.1924686192468619,1,1.2607003891050583,1.213389121338912,1.2421875,1.2605042016806722,,NaN,NaN,NaN,NaN,0.4666666666666667,NaN,NaN,,NaN,NaN,NaN,NaN,0.5652173913043478,NaN,NaN,,NaN,NaN,NaN,NaN,0.5492957746478874,NaN,NaN,
1650000,0.7860696517412935,0.9847715736040609,0.545,0.505,0.565,0.96,0.9743589743589743,,200,257,200,265,258,112,122,,1,1.220472440944882,1,1.326996197718631,1.2901960784313726,1.1696428571428572,1.1779661016949152,,NaN,NaN,NaN,NaN,0.5492957746478874,NaN,NaN,,NaN,NaN,NaN,NaN,0.5588235294117647,NaN,NaN,,NaN,NaN,NaN,NaN,0.5901639344262295,NaN,NaN,
1700000,0.755,0.9556650246305419,0.54,0.505,0.58,0.9310344827586207,0.9414634146341463,,200,268,200,282,283,137,115,,1,1.3505535055350553,1,1.370503597122302,1.4184397163120568,1.2589928057553956,1.2583333333333333,,NaN,NaN,NaN,NaN,0.5466666666666666,NaN,NaN,,NaN,NaN,NaN,NaN,0.5294117647058824,NaN,NaN,,NaN,NaN,NaN,NaN,0.6842105263157895,NaN,NaN,
1750000,0.6865671641791045,0.9744897959183674,0.57,0.515,0.555,0.9242424242424242,0.9489795918367347,,200,293,200,282,278,121,115,,1,1.3633217993079585,1,1.3992932862190812,1.3691756272401434,1.26890756302521,1.3027522935779816,,NaN,NaN,NaN,NaN,0.6197183098591549,NaN,NaN,,NaN,NaN,NaN,NaN,0.625,NaN,NaN,,NaN,NaN,NaN,NaN,0.4153846153846154,NaN,NaN,
1800000,0.6767676767676768,0.965,0.52,0.505,0.525,0.945,0.9014778325123153,,200,299,200,300,288,116,139,,1,1.4280936454849498,1,1.5250836120401339,1.4186851211072664,1.2735042735042734,1.6083916083916083,,NaN,NaN,NaN,NaN,0.5818181818181818,NaN,NaN,,NaN,NaN,NaN,NaN,0.5405405405405406,NaN,NaN,,NaN,NaN,NaN,NaN,0.4647887323943662,NaN,NaN,
1850000,0.6318407960199005,0.9603960396039604,0.515,0.5,0.595,0.8905472636815921,0.8994974874371859,,200,283,200,305,304,131,137,,1,1.3719298245614036,1,1.4967320261437909,1.4551495016611296,1.4307692307692308,1.5255474452554745,,NaN,NaN,NaN,NaN,0.6774193548387096,NaN,NaN,,NaN,NaN,NaN,NaN,0.6,NaN,NaN,,NaN,NaN,NaN,NaN,0.5205479452054794,NaN,NaN,
1900000,0.6331658291457286,0.955,0.55,0.5,0.505,0.9,0.85,,200,292,200,331,312,129,158,,1,1.3972602739726028,1,1.521472392638037,1.5335463258785942,1.4045801526717556,1.641025641025641,,NaN,NaN,NaN,NaN,0.43373493975903615,NaN,NaN,,NaN,NaN,NaN,NaN,0.5714285714285714,NaN,NaN,,NaN,NaN,NaN,NaN,0.5409836065573771,NaN,NaN,
1950000,0.6119402985074627,0.8952879581151832,0.595,0.55,0.49,0.864321608040201,0.8324873096446701,,200,339,200,370,359,145,174,,1,1.5121212121212122,1,1.7940379403794038,1.7478991596638656,1.4195804195804196,1.76878612716763,,NaN,NaN,NaN,NaN,0.5671641791044776,NaN,NaN,,NaN,NaN,NaN,NaN,0.42857142857142855,NaN,NaN,,NaN,NaN,NaN,NaN,0.4714285714285714,NaN,NaN,
2000000,0.5656565656565656,0.8894230769230769,0.58,0.51,0.59,0.8652849740932642,0.8291457286432161,,200,348,200,378,325,143,192,,1,1.5758426966292134,1,1.9444444444444444,1.6439628482972137,1.4014598540145986,1.8342245989304813,,NaN,NaN,NaN,NaN,0.6081081081081081,NaN,NaN,,NaN,NaN,NaN,NaN,0.5757575757575758,NaN,NaN,,NaN,NaN,NaN,NaN,0.5833333333333334,NaN,NaN,
2050000,0.47,0.9183673469387755,0.575,0.51,0.51,0.8300970873786407,0.8186274509803921,,200,329,200,400,407,158,184,,1,1.4953846153846153,1,1.8914141414141414,2.0270935960591134,1.4878048780487805,1.8526315789473684,,NaN,NaN,NaN,NaN,0.5352112676056338,NaN,NaN,,NaN,NaN,NaN,NaN,0.4461538461538462,NaN,NaN,,NaN,NaN,NaN,NaN,0.546875,NaN,NaN,
2100000,0.41379310344827586,0.7929292929292929,0.435,0.495,0.515,0.7931034482758621,0.8059701492537313,,200,383,200,433,453,168,174,,1,1.6509186351706038,1,2.064367816091954,2.1915367483296215,1.532544378698225,1.8971428571428572,,NaN,NaN,NaN,NaN,0.5571428571428572,NaN,NaN,,NaN,NaN,NaN,NaN,0.5352112676056338,NaN,NaN,,NaN,NaN,NaN,NaN,0.4406779661016949,NaN,NaN,
2150000,0.375,0.7537688442211056,0.555,0.555,0.53,0.7727272727272727,0.745,,200,390,200,505,475,149,261,,1,1.6709511568123394,1,2.2948207171314743,2.7046413502109705,1.563758389261745,2.474903474903475,,NaN,NaN,NaN,NaN,0.5,NaN,NaN,,NaN,NaN,NaN,NaN,0.5,NaN,NaN,,NaN,NaN,NaN,NaN,0.581081081081081,NaN,NaN,
2200000,0.3417085427135678,0.7839195979899497,0.465,0.525,0.555,0.79,0.7323232323232324,,200,402,200,516,471,162,273,,1,1.6982543640897756,1,2.328846153846154,2.7346072186836516,1.5555555555555556,2.5037593984962405,,NaN,NaN,NaN,NaN,0.5102040816326531,NaN,NaN,,NaN,NaN,NaN,NaN,0.5070422535211268,NaN,NaN,,NaN,NaN,NaN,NaN,0.625,NaN,NaN,
2250000,0.325,0.6926829268292682,0.52,0.49,0.56,0.7512437810945274,0.7839195979899497,,200,426,200,581,471,183,248,,1,1.754060324825986,1,2.4771929824561405,3.0042462845010616,1.6229508196721312,2.712,,NaN,NaN,NaN,NaN,0.48333333333333334,NaN,NaN,,NaN,NaN,NaN,NaN,0.5625,NaN,NaN,,NaN,NaN,NaN,NaN,0.6333333333333333,NaN,NaN,
2300000,0.32160804020100503,0.609375,0.51,0.585,0.5,0.7305699481865285,0.675,,200,445,200,604,474,197,351,,1,1.7665903890160184,1,2.5953565505804312,3.2552742616033754,1.6772486772486772,2.9655172413793105,,NaN,NaN,NaN,NaN,0.453125,NaN,NaN,,NaN,NaN,NaN,NaN,0.5694444444444444,NaN,NaN,,NaN,NaN,NaN,NaN,0.46875,NaN,NaN,
2350000,0.22,0.635,0.51,0.555,0.475,0.6989795918367347,0.6534653465346535,,200,463,200,698,468,205,427,,1,1.8142548596112311,1,2.807747489239598,3.3162393162393164,1.693467336683417,3.6588235294117646,,NaN,NaN,NaN,NaN,0.39344262295081966,NaN,NaN,,NaN,NaN,NaN,NaN,0.5733333333333334,NaN,NaN,,NaN,NaN,NaN,NaN,0.4375,NaN,NaN,
2400000,0.2561576354679803,0.5544554455445545,0.535,0.47,0.53,0.624390243902439,0.6865671641791045,,200,465,200,685,480,229,396,,1,1.822269807280514,1,2.7216494845360826,4.408333333333333,1.7531914893617022,4.130325814536341,,NaN,NaN,NaN,NaN,0.4050632911392405,NaN,NaN,,NaN,NaN,NaN,NaN,0.6949152542372882,NaN,NaN,,NaN,NaN,NaN,NaN,0.532258064516129,NaN,NaN,
2450000,0.1717171717171717,0.48223350253807107,0.515,0.59,0.515,0.6030927835051546,0.5918367346938775,,200,493,200,722,475,242,448,,1,1.853061224489796,1,2.8585298196948683,3.943157894736842,1.7521008403361344,4.707762557077626,,NaN,NaN,NaN,NaN,0.3333333333333333,NaN,NaN,,NaN,NaN,NaN,NaN,0.6029411764705882,NaN,NaN,,NaN,NaN,NaN,NaN,0.6060606060606061,NaN,NaN,
2500000,0.17,0.46733668341708545,0.48,0.53,0.51,0.5571428571428572,0.4494949494949495,,200,484,200,803,471,243,471,,1,1.8571428571428572,1,2.958955223880597,4.595338983050848,1.7768924302788844,4.564755838641189,,NaN,NaN,NaN,NaN,0.29411764705882354,NaN,NaN,,NaN,NaN,NaN,NaN,0.5714285714285714,NaN,NaN,,NaN,NaN,NaN,NaN,0.6666666666666666,NaN,NaN,
2550000,0.125,0.3484848484848485,0.525,0.52,0.53,0.5906735751295337,0.41919191919191917,,200,528,200,854,473,230,478,,1,1.9049429657794676,1,3.0412735849056602,5.495762711864407,1.71875,4.510460251046025,,NaN,NaN,NaN,NaN,0.3698630136986301,NaN,NaN,,NaN,NaN,NaN,NaN,0.582089552238806,NaN,NaN,,NaN,NaN,NaN,NaN,0.6666666666666666,NaN,NaN,
2600000,0.145,0.24378109452736318,0.575,0.515,0.585,0.5870646766169154,0.48,,200,552,200,950,484,222,474,,1,1.938517179023508,1,3.1554845580404685,6.353305785123967,1.6771300448430493,4.637130801687764,,NaN,NaN,NaN,NaN,0.4426229508196721,NaN,NaN,,NaN,NaN,NaN,NaN,0.5714285714285714,NaN,NaN,,NaN,NaN,NaN,NaN,0.7105263157894737,NaN,NaN,
2650000,0.12,0.21890547263681592,0.55,0.53,0.54,0.5467980295566502,0.38388625592417064,,200,562,200,1000,476,236,470,,1,1.955595026642984,1,3.247011952191235,7.132352941176471,1.773109243697479,5.1127659574468085,,NaN,NaN,NaN,NaN,0.34328358208955223,NaN,NaN,,NaN,NaN,NaN,NaN,0.5857142857142857,NaN,NaN,,NaN,NaN,NaN,NaN,0.6984126984126984,NaN,NaN,
2700000,0.06,0.15151515151515152,0.455,0.535,0.545,0.4873096446700508,0.39901477832512317,,200,569,200,1065,475,273,474,,1,1.964726631393298,1,3.3481973434535104,7.932631578947368,1.8022388059701493,6.286919831223629,,NaN,NaN,NaN,NaN,0.34210526315789475,NaN,NaN,,NaN,NaN,NaN,NaN,0.6666666666666666,NaN,NaN,,NaN,NaN,NaN,NaN,0.671875,NaN,NaN,
2750000,0.06,0.10101010101010101,0.415,0.55,0.505,0.4975124378109453,0.3299492385786802,,200,580,200,1068,470,267,477,,1,1.9740484429065743,1,3.3669467787114846,7.874468085106383,1.7865168539325842,7.69811320754717,,NaN,NaN,NaN,NaN,0.3150684931506849,NaN,NaN,,NaN,NaN,NaN,NaN,0.5522388059701493,NaN,NaN,,NaN,NaN,NaN,NaN,0.6833333333333333,NaN,NaN,
2800000,0.024875621890547265,0.08415841584158416,0.43,0.545,0.535,0.605,0.25742574257425743,,200,579,200,1146,472,217,477,,1,1.9776247848537005,1,3.409606986899563,8.046610169491526,1.8181818181818181,9.09014675052411,,NaN,NaN,NaN,NaN,0.3230769230769231,NaN,NaN,,NaN,NaN,NaN,NaN,0.6233766233766234,NaN,NaN,,NaN,NaN,NaN,NaN,0.6551724137931034,NaN,NaN,
2850000,0.020202020202020204,0.05527638190954774,0.455,0.54,0.53,0.5,0.3283582089552239,,200,587,200,1135,473,255,470,,1,1.9897610921501707,1,3.449428320140721,8.257928118393234,1.803921568627451,10.661702127659574,,NaN,NaN,NaN,NaN,0.3230769230769231,NaN,NaN,,NaN,NaN,NaN,NaN,0.6153846153846154,NaN,NaN,,NaN,NaN,NaN,NaN,0.6428571428571429,NaN,NaN,
2900000,0.005,0.04020100502512563,0.495,0.555,0.51,0.44387755102040816,0.24875621890547264,,200,589,200,1176,473,286,474,,1,1.9863945578231292,1,3.4726962457337884,9.621564482029598,1.8197879858657244,12.327004219409282,,NaN,NaN,NaN,NaN,0.21311475409836064,NaN,NaN,,NaN,NaN,NaN,NaN,0.6119402985074627,NaN,NaN,,NaN,NaN,NaN,NaN,0.6666666666666666,NaN,NaN,
2950000,0.005,0.015151515151515152,0.3,0.58,0.545,0.3401015228426396,0.23,,200,594,200,1187,470,331,469,,1,1.9881756756756757,1,3.483108108108108,11.327659574468084,1.8103975535168195,14.313432835820896,,NaN,NaN,NaN,NaN,0.3333333333333333,NaN,NaN,,NaN,NaN,NaN,NaN,0.5862068965517241,NaN,NaN,,NaN,NaN,NaN,NaN,0.7285714285714285,NaN,NaN,
3000000,0,0,0.385,0.6,0.54,0.3415841584158416,0.17,,200,599,200,1196,481,334,478,,1,2.004983388704319,1,3.495397489539749,13.58004158004158,1.804154302670623,16.389121338912133,,NaN,NaN,NaN,NaN,0.29310344827586204,NaN,NaN,,NaN,NaN,NaN,NaN,0.5352112676056338,NaN,NaN,,NaN,NaN,NaN,NaN,0.7464788732394366,NaN,NaN,
3050000,0,0,0.34,0.47,0.525,0.29441624365482233,0.19,,200,599,200,1206,473,353,469,,1,2.0033333333333334,1,3.509917355371901,15.517970401691333,1.7797101449275363,18.39232409381663,,NaN,NaN,NaN,NaN,0.23943661971830985,NaN,NaN,,NaN,NaN,NaN,NaN,0.6052631578947368,NaN,NaN,,NaN,NaN,NaN,NaN,0.7924528301886793,NaN,NaN,
3100000,0,0.015151515151515152,0.28,0.54,0.49,0.225,0.12,,200,595,200,1178,472,391,473,,1,1.9915682967959527,1,3.4727891156462585,17.614406779661017,1.8040712468193385,20.342494714587737,,NaN,NaN,NaN,NaN,0.2571428571428571,NaN,NaN,,NaN,NaN,NaN,NaN,0.5324675324675324,NaN,NaN,,NaN,NaN,NaN,NaN,0.7358490566037735,NaN,NaN,
3150000,0.01,0.024752475247524754,0.26,0.495,0.435,0.24875621890547264,0.11,,200,597,200,1170,475,381,473,,1,1.994991652754591,1,3.474402730375427,19.68,1.8141361256544504,22.198731501057082,,NaN,NaN,NaN,NaN,0.10144927536231885,NaN,NaN,,NaN,NaN,NaN,NaN,0.5466666666666666,NaN,NaN,,NaN,NaN,NaN,NaN,0.6964285714285714,NaN,NaN,
3200000,0.01,0.065,0.18,0.53,0.39,0.297029702970297,0.095,,200,581,200,1151,469,380,484,,1,1.9810671256454389,1,3.4417391304347826,20.982942430703623,1.8188976377952757,23.880165289256198,,NaN,NaN,NaN,NaN,0.047619047619047616,NaN,NaN,,NaN,NaN,NaN,NaN,0.40540540540540543,NaN,NaN,,NaN,NaN,NaN,NaN,0.7142857142857143,NaN,NaN,
3250000,0.035,0.075,0.185,0.48,0.32,0.2193877551020408,0.08673469387755102,,200,581,200,1101,470,409,473,,1,1.9759036144578312,1,3.4249547920434,21.853191489361702,1.8063725490196079,25.241014799154335,,NaN,NaN,NaN,NaN,0.015625,NaN,NaN,,NaN,NaN,NaN,NaN,0.43478260869565216,NaN,NaN,,NaN,NaN,NaN,NaN,0.4925373134328358,NaN,NaN,
3300000,0.03535353535353535,0.145,0.16,0.455,0.255,0.2736318407960199,0.0392156862745098,,200,569,200,1070,478,386,478,,1,1.9648506151142355,1,3.352996254681648,22.577405857740587,1.8113695090439277,25.90794979079498,,NaN,NaN,NaN,NaN,0.014084507042253521,NaN,NaN,,NaN,NaN,NaN,NaN,0.21875,NaN,NaN,,NaN,NaN,NaN,NaN,0.5538461538461539,NaN,NaN,
3350000,0.10945273631840796,0.208955223880597,0.11,0.42,0.23,0.24,0.025380710659898477,,200,548,200,1045,467,410,468,,1,1.947176684881603,1,3.3450236966824645,22.23340471092077,1.775609756097561,25.173076923076923,,NaN,NaN,NaN,NaN,0,NaN,NaN,,NaN,NaN,NaN,NaN,0.19736842105263158,NaN,NaN,,NaN,NaN,NaN,NaN,0.49206349206349204,NaN,NaN,
3400000,0.0845771144278607,0.19306930693069307,0.095,0.39,0.16,0.29411764705882354,0.005076142131979695,,200,564,200,948,478,387,484,,1,1.9558303886925794,1,3.201052631578947,22.13389121338912,1.7615384615384615,24.826446280991735,,NaN,NaN,NaN,NaN,0,NaN,NaN,,NaN,NaN,NaN,NaN,0.10810810810810811,NaN,NaN,,NaN,NaN,NaN,NaN,0.41379310344827586,NaN,NaN,
3450000,0.095,0.30808080808080807,0.075,0.38,0.215,0.27918781725888325,0.020202020202020204,,200,539,200,939,472,397,475,,1,1.9180633147113595,1,3.206382978723404,20.055084745762713,1.749367088607595,22.056842105263158,,NaN,NaN,NaN,NaN,0,NaN,NaN,,NaN,NaN,NaN,NaN,0.07575757575757576,NaN,NaN,,NaN,NaN,NaN,NaN,0.5671641791044776,NaN,NaN,
3500000,0.165,0.36318407960199006,0.08,0.43,0.165,0.3582089552238806,0,,200,527,200,798,472,365,478,,1,1.9015151515151516,1,3.00373599003736,18.546610169491526,1.7166212534059946,18.94560669456067,,NaN,NaN,NaN,NaN,0,NaN,NaN,,NaN,NaN,NaN,NaN,0,NaN,NaN,,NaN,NaN,NaN,NaN,0.55,NaN,NaN,
3550000,0.155,0.395,0.12,0.405,0.18,0.37,0,,200,515,200,787,473,350,470,,1,1.8932038834951457,1,2.9441624365482233,16.052854122621564,1.7057142857142857,15.75531914893617,,NaN,NaN,NaN,NaN,0,NaN,NaN,,NaN,NaN,NaN,NaN,0,NaN,NaN,,NaN,NaN,NaN,NaN,0.5454545454545454,NaN,NaN,
3600000,0.15,0.5172413793103449,0.125,0.4,0.195,0.41708542713567837,0,,200,485,200,729,478,344,471,,1,1.8422131147540983,1,2.86449864498645,13.725941422594142,1.7088235294117646,11.717622080679405,,NaN,NaN,NaN,NaN,0,NaN,NaN,,NaN,NaN,NaN,NaN,0,NaN,NaN,,NaN,NaN,NaN,NaN,0.6190476190476191,NaN,NaN,
3650000,0.20100502512562815,0.4900990099009901,0.135,0.435,0.205,0.45320197044334976,0,,200,488,200,691,476,339,479,,1,1.863265306122449,1,2.7626628075253254,11.132352941176471,1.73121387283237,8.711899791231733,,NaN,NaN,NaN,NaN,0,NaN,NaN,,NaN,NaN,NaN,NaN,0,NaN,NaN,,NaN,NaN,NaN,NaN,0.640625,NaN,NaN,
3700000,0.27722772277227725,0.5477386934673367,0.155,0.495,0.21,0.582089552238806,0,,200,457,200,602,476,285,470,,1,1.8092105263157894,1,2.619281045751634,9.844537815126051,1.6501766784452296,7.553191489361702,,NaN,NaN,NaN,NaN,0,NaN,NaN,,NaN,NaN,NaN,NaN,0,NaN,NaN,,NaN,NaN,NaN,NaN,0.6268656716417911,NaN,NaN,
3750000,0.3065326633165829,0.6206896551724138,0.16,0.53,0.25,0.5911330049261084,0,,200,447,200,571,471,266,478,,1,1.7844444444444445,1,2.42602495543672,6.416135881104034,1.6505576208178439,6.416317991631799,,NaN,NaN,NaN,NaN,0,NaN,NaN,,NaN,NaN,NaN,NaN,0,NaN,NaN,,NaN,NaN,NaN,NaN,0.7246376811594203,NaN,NaN,
3800000,0.30303030303030304,0.7738693467336684,0.215,0.565,0.295,0.6009852216748769,0,,200,396,200,543,472,267,471,,1,1.6987341772151898,1,2.481818181818182,2.6016949152542375,1.6336996336996337,4.556263269639066,,NaN,NaN,NaN,NaN,0,NaN,NaN,,NaN,NaN,NaN,NaN,0.0847457627118644,NaN,NaN,,NaN,NaN,NaN,NaN,0.7105263157894737,NaN,NaN,
3850000,0.2885572139303483,0.685,0.25,0.525,0.34,0.7193877551020408,0,,200,418,200,518,475,223,479,,1,1.7416267942583732,1,2.3576923076923078,2.4589473684210525,1.552511415525114,3.6659707724425887,,NaN,NaN,NaN,NaN,0,NaN,NaN,,NaN,NaN,NaN,NaN,0.208955223880597,NaN,NaN,,NaN,NaN,NaN,NaN,0.7714285714285715,NaN,NaN,
3900000,0.36318407960199006,0.79,0.2,0.555,0.34,0.7024390243902439,0,,200,389,200,496,481,209,474,,1,1.6683804627249357,1,2.248987854251012,2.733887733887734,1.5794392523364487,3.0738396624472575,,NaN,NaN,NaN,NaN,0,NaN,NaN,,NaN,NaN,NaN,NaN,0.32727272727272727,NaN,NaN,,NaN,NaN,NaN,NaN,0.7246376811594203,NaN,NaN,
3950000,0.4371859296482412,0.8365384615384616,0.285,0.47,0.325,0.8090452261306532,0,,200,367,200,418,475,170,477,,1,1.6346666666666667,1,2.0210280373831777,3.183157894736842,1.4823529411764707,2.7358490566037736,,NaN,NaN,NaN,NaN,0,NaN,NaN,,NaN,NaN,NaN,NaN,0.3333333333333333,NaN,NaN,,NaN,NaN,NaN,NaN,0.7213114754098361,NaN,NaN,
4000000,0.48258706467661694,0.8461538461538461,0.345,0.54,0.455,0.7980295566502463,0,,200,373,200,412,474,164,473,,1,1.6195652173913044,1,1.9927360774818401,1.7151898734177216,1.473053892215569,2.300211416490486,,NaN,NaN,NaN,NaN,0.1044776119402985,NaN,NaN,,NaN,NaN,NaN,NaN,0.45454545454545453,NaN,NaN,,NaN,NaN,NaN,NaN,0.875,NaN,NaN,
4050000,0.5979899497487438,0.8585365853658536,0.355,0.54,0.525,0.7783505154639175,0,,200,346,200,376,474,168,468,,1,1.5726495726495726,1,1.8026666666666666,1.8565400843881856,1.51875,2.1794871794871793,,NaN,NaN,NaN,NaN,0.23809523809523808,NaN,NaN,,NaN,NaN,NaN,NaN,0.6,NaN,NaN,,NaN,NaN,NaN,NaN,0.8524590163934426,NaN,NaN,
4100000,0.5472636815920398,0.9132653061224489,0.38,0.58,0.6,0.8325358851674641,0,,200,337,200,353,473,154,474,,1,1.5195195195195195,1,1.771830985915493,1.9238900634249472,1.509090909090909,2.0738396624472575,,NaN,NaN,NaN,NaN,0.4507042253521127,NaN,NaN,,NaN,NaN,NaN,NaN,0.6625,NaN,NaN,,NaN,NaN,NaN,NaN,0.7142857142857143,NaN,NaN,
4150000,0.6565656565656566,0.970873786407767,0.43,0.625,0.56,0.8512820512820513,0.32367149758454106,,200,294,200,340,409,140,430,,1,1.4133333333333333,1,1.6873156342182891,2.0455635491606716,1.3582089552238805,2.004576659038902,,NaN,NaN,NaN,NaN,0.5402298850574713,NaN,NaN,,NaN,NaN,NaN,NaN,0.6129032258064516,NaN,NaN,,NaN,NaN,NaN,NaN,0.5294117647058824,NaN,NaN,
4200000,0.6517412935323383,0.9695431472081218,0.445,0.525,0.55,0.9166666666666666,0.7696078431372549,,200,288,200,313,337,104,301,,1,1.3649122807017544,1,1.610062893081761,1.7309941520467835,1.3211009174311927,1.686084142394822,,NaN,NaN,NaN,NaN,0.5178571428571429,NaN,NaN,,NaN,NaN,NaN,NaN,0.5657894736842105,NaN,NaN,,NaN,NaN,NaN,NaN,0.5588235294117647,NaN,NaN,
4250000,0.6287128712871287,0.9752475247524752,0.525,0.525,0.51,0.9289340101522843,0.8627450980392157,,200,286,200,280,304,126,230,,1,1.3576388888888888,1,1.375,1.4333333333333333,1.2357723577235773,1.3476394849785407,,NaN,NaN,NaN,NaN,0.5813953488372093,NaN,NaN,,NaN,NaN,NaN,NaN,0.5344827586206896,NaN,NaN,,NaN,NaN,NaN,NaN,0.375,NaN,NaN,
4300000,0.7171717171717171,0.9605911330049262,0.525,0.555,0.545,0.9543147208121827,0.864321608040201,,200,273,200,294,277,120,219,,1,1.358695652173913,1,1.4657534246575343,1.417857142857143,1.2155172413793103,1.4311926605504588,,NaN,NaN,NaN,NaN,0.62,NaN,NaN,,NaN,NaN,NaN,NaN,0.47560975609756095,NaN,NaN,,NaN,NaN,NaN,NaN,0.5735294117647058,NaN,NaN,
4350000,0.775,0.9900497512437811,0.49,0.475,0.525,0.9257425742574258,0.8669950738916257,,200,261,200,272,259,123,202,,1,1.2595419847328244,1,1.4044117647058822,1.3038461538461539,1.2301587301587302,1.4271844660194175,,NaN,NaN,NaN,NaN,0.5666666666666667,NaN,NaN,,NaN,NaN,NaN,NaN,0.5362318840579711,NaN,NaN,,NaN,NaN,NaN,NaN,0.4788732394366197,NaN,NaN,
4400000,0.7688442211055276,1,0.61,0.515,0.525,0.9558823529411765,0.9246231155778895,,200,249,200,260,259,111,168,,1,1.2186234817813766,1,1.2775665399239544,1.3346153846153845,1.191304347826087,1.3855421686746987,,NaN,NaN,NaN,NaN,0.5909090909090909,NaN,NaN,,NaN,NaN,NaN,NaN,0.4492753623188406,NaN,NaN,,NaN,NaN,NaN,NaN,0.5384615384615384,NaN,NaN,
4450000,0.8009950248756219,1,0.565,0.505,0.54,0.9597989949748744,0.9705882352941176,,200,252,200,250,235,121,130,,1,1.2559055118110236,1,1.2459677419354838,1.1587982832618027,1.1416666666666666,1.2148148148148148,,NaN,NaN,NaN,NaN,0.6231884057971014,NaN,NaN,,NaN,NaN,NaN,NaN,0.5223880597014925,NaN,NaN,,NaN,NaN,NaN,NaN,0.46875,NaN,NaN,
4500000,0.8407960199004975,1,0.57,0.54,0.545,0.9545454545454546,0.945273631840796,,200,234,200,235,236,116,117,,1,1.145922746781116,1,1.1567796610169492,1.1799163179916319,1.1929824561403508,1.1965811965811965,,NaN,NaN,NaN,NaN,0.5846153846153846,NaN,NaN,,NaN,NaN,NaN,NaN,0.5866666666666667,NaN,NaN,,NaN,NaN,NaN,NaN,0.45,NaN,NaN,
4550000,0.8557213930348259,0.9950248756218906,0.555,0.52,0.545,0.9802955665024631,0.9693877551020408,,200,227,200,228,238,104,103,,1,1.131578947368421,1,1.1594827586206897,1.1983122362869199,1.0934579439252337,1.1,,NaN,NaN,NaN,NaN,0.4444444444444444,NaN,NaN,,NaN,NaN,NaN,NaN,0.5942028985507246,NaN,NaN,,NaN,NaN,NaN,NaN,0.5882352941176471,NaN,NaN,
4600000,0.8944723618090452,1,0.54,0.58,0.535,0.9897959183673469,0.9748743718592965,,200,225,200,221,217,89,104,,1,1.12,1,1.1090909090909091,1.1090909090909091,1.0705882352941176,1.145631067961165,,NaN,NaN,NaN,NaN,0.5079365079365079,NaN,NaN,,NaN,NaN,NaN,NaN,0.547945205479452,NaN,NaN,,NaN,NaN,NaN,NaN,0.546875,NaN,NaN,
4650000,0.865,1,0.55,0.535,0.515,0.9752475247524752,0.9852216748768473,,200,218,200,218,217,106,100,,1,1.091743119266055,1,1.0825688073394495,1.0972222222222223,1.0740740740740742,1.029126213592233,,NaN,NaN,NaN,NaN,0.5531914893617021,NaN,NaN,,NaN,NaN,NaN,NaN,0.47297297297297297,NaN,NaN,,NaN,NaN,NaN,NaN,0.5316455696202531,NaN,NaN,
4700000,0.9346733668341709,1,0.53,0.54,0.475,0.9848484848484849,0.9849246231155779,,200,216,200,214,216,114,83,,1,1.0783410138248848,1,1.0833333333333333,1.069767441860465,1.045045045045045,1.048780487804878,,NaN,NaN,NaN,NaN,0.4,NaN,NaN,,NaN,NaN,NaN,NaN,0.5217391304347826,NaN,NaN,,NaN,NaN,NaN,NaN,0.5178571428571429,NaN,NaN,
4750000,0.96,1,0.55,0.585,0.55,0.9849246231155779,0.9900497512437811,,200,207,200,208,207,97,99,,1,1.0339805825242718,1,1.038647342995169,1.0338164251207729,1.0824742268041236,1.04,,NaN,NaN,NaN,NaN,0.5967741935483871,NaN,NaN,,NaN,NaN,NaN,NaN,0.5076923076923077,NaN,NaN,,NaN,NaN,NaN,NaN,0.547945205479452,NaN,NaN,
4800000,0.9800995024875622,1,0.545,0.535,0.55,1,0.9949748743718593,,200,205,200,208,204,86,108,,1,1.0289855072463767,1,1.0384615384615385,1.024390243902439,1.0108695652173914,1.0467289719626167,,NaN,NaN,NaN,NaN,0.4647887323943662,NaN,NaN,,NaN,NaN,NaN,NaN,0.6119402985074627,NaN,NaN,,NaN,NaN,NaN,NaN,0.5806451612903226,NaN,NaN,
4850000,0.9850746268656716,1,0.57,0.54,0.56,1,1,,200,205,200,204,206,91,83,,1,1.0246305418719213,1,1.019704433497537,1.0289855072463767,1,1.0116279069767442,,NaN,NaN,NaN,NaN,0.509090909090909,NaN,NaN,,NaN,NaN,NaN,NaN,0.5833333333333334,NaN,NaN,,NaN,NaN,NaN,NaN,0.5753424657534246,NaN,NaN,
4900000,0.9797979797979798,1,0.54,0.545,0.525,0.9949494949494949,0.995,,200,202,200,203,204,88,88,,1,1.00990099009901,1,1.0147058823529411,1.019704433497537,1.0348837209302326,1.0113636363636365,,NaN,NaN,NaN,NaN,0.4444444444444444,NaN,NaN,,NaN,NaN,NaN,NaN,0.5142857142857142,NaN,NaN,,NaN,NaN,NaN,NaN,0.6119402985074627,NaN,NaN,
4950000,0.9950738916256158,1,0.54,0.58,0.57,1,1,,200,201,200,200,200,96,94,,1,1.004950495049505,1,1,1,1,1,,NaN,NaN,NaN,NaN,0.5753424657534246,NaN,NaN,,NaN,NaN,NaN,NaN,0.5833333333333334,NaN,NaN,,NaN,NaN,NaN,NaN,0.5454545454545454,NaN,NaN,
5000000,1,1,0.52,0.53,0.555,1,1,,200,200,200,200,200,92,108,,1,1,1,1,1,1.0105263157894737,1,,NaN,NaN,NaN,NaN,0.6271186440677966,NaN,NaN,,NaN,NaN,NaN,NaN,0.5694444444444444,NaN,NaN,,NaN,NaN,NaN,NaN,0.4782608695652174,NaN,NaN,
5050000,1,1,0.55,0.585,0.56,1,1,,200,200,200,201,201,87,93,,1,1,1,1.0049751243781095,1,1,1,,NaN,NaN,NaN,NaN,0.532258064516129,NaN,NaN,,NaN,NaN,NaN,NaN,0.5774647887323944,NaN,NaN,,NaN,NaN,NaN,NaN,0.5671641791044776,NaN,NaN,
5100000,1,1,0.54,0.48,0.54,1,1,,200,201,200,200,202,101,105,,1,1.005,1,1,1.0148514851485149,1,1,,NaN,NaN,NaN,NaN,0.5070422535211268,NaN,NaN,,NaN,NaN,NaN,NaN,0.58,NaN,NaN,,NaN,NaN,NaN,NaN,0.5443037974683544,NaN,NaN,
5150000,0.985,1,0.545,0.565,0.48,1,0.9949494949494949,,200,200,200,201,202,95,96,,1,1,1,1.005,1.0099502487562189,1,1.0106382978723405,,NaN,NaN,NaN,NaN,0.41379310344827586,NaN,NaN,,NaN,NaN,NaN,NaN,0.4603174603174603,NaN,NaN,,NaN,NaN,NaN,NaN,0.5443037974683544,NaN,NaN,
5200000,0.9899497487437185,1,0.6,0.475,0.545,0.9949494949494949,0.9950738916256158,,200,205,200,202,207,102,102,,1,1.019704433497537,1,1.00990099009901,1.029126213592233,1.02,1.019047619047619,,NaN,NaN,NaN,NaN,0.5076923076923077,NaN,NaN,,NaN,NaN,NaN,NaN,0.5671641791044776,NaN,NaN,,NaN,NaN,NaN,NaN,0.5588235294117647,NaN,NaN,
5250000,0.9850746268656716,1,0.58,0.59,0.505,0.9950248756218906,0.9948717948717949,,200,201,200,203,205,104,111,,1,1.00990099009901,1,1.0147058823529411,1.0245098039215685,1.019047619047619,1.009433962264151,,NaN,NaN,NaN,NaN,0.5147058823529411,NaN,NaN,,NaN,NaN,NaN,NaN,0.4426229508196721,NaN,NaN,,NaN,NaN,NaN,NaN,0.5492957746478874,NaN,NaN,
5300000,0.96,1,0.485,0.58,0.575,0.9753694581280788,0.9950738916256158,,200,209,200,210,206,107,103,,1,1.0384615384615385,1,1.0432692307692308,1.0288461538461537,1.0727272727272728,1.0188679245283019,,NaN,NaN,NaN,NaN,0.5540540540540541,NaN,NaN,,NaN,NaN,NaN,NaN,0.5576923076923077,NaN,NaN,,NaN,NaN,NaN,NaN,0.6081081081081081,NaN,NaN,
5350000,0.955,1,0.545,0.53,0.54,0.98,0.9851485148514851,,200,213,200,214,212,92,101,,1,1.0700934579439252,1,1.0694444444444444,1.0657276995305165,1.065217391304348,1.1067961165048543,,NaN,NaN,NaN,NaN,0.4794520547945205,NaN,NaN,,NaN,NaN,NaN,NaN,0.45614035087719296,NaN,NaN,,NaN,NaN,NaN,NaN,0.6714285714285714,NaN,NaN,
5400000,0.9095477386934674,1,0.485,0.51,0.52,0.9949494949494949,0.99,,200,216,200,223,223,92,117,,1,1.0700934579439252,1,1.1085972850678734,1.1131221719457014,1.0444444444444445,1.0598290598290598,,NaN,NaN,NaN,NaN,0.5,NaN,NaN,,NaN,NaN,NaN,NaN,0.5178571428571429,NaN,NaN,,NaN,NaN,NaN,NaN,0.5394736842105263,NaN,NaN,
5450000,0.875,1,0.48,0.52,0.545,1,0.9792746113989638,,200,217,200,219,222,103,130,,1,1.1004566210045663,1,1.091324200913242,1.1121076233183858,1.099009900990099,1.056910569105691,,NaN,NaN,NaN,NaN,0.5675675675675675,NaN,NaN,,NaN,NaN,NaN,NaN,0.4838709677419355,NaN,NaN,,NaN,NaN,NaN,NaN,0.578125,NaN,NaN,
5500000,0.89,1,0.56,0.52,0.525,0.9900990099009901,0.9707317073170731,,200,229,200,218,232,99,105,,1,1.13215859030837,1,1.1,1.1521739130434783,1.0495049504950495,1.1545454545454545,,NaN,NaN,NaN,NaN,0.5217391304347826,NaN,NaN,,NaN,NaN,NaN,NaN,0.4838709677419355,NaN,NaN,,NaN,NaN,NaN,NaN,0.5652173913043478,NaN,NaN,
5550000,0.8159203980099502,1,0.55,0.58,0.555,0.9752475247524752,0.9507389162561576,,200,246,200,240,227,114,108,,1,1.2081632653061225,1,1.1906779661016949,1.1359649122807018,1.1206896551724137,1.2162162162162162,,NaN,NaN,NaN,NaN,0.5588235294117647,NaN,NaN,,NaN,NaN,NaN,NaN,0.43636363636363634,NaN,NaN,,NaN,NaN,NaN,NaN,0.6363636363636364,NaN,NaN,
5600000,0.8140703517587939,0.9849246231155779,0.54,0.495,0.535,0.9484536082474226,0.9536082474226805,,200,256,200,252,248,127,128,,1,1.2549019607843137,1,1.2450592885375493,1.2131147540983607,1.2396694214876034,1.1721311475409837,,NaN,NaN,NaN,NaN,0.6351351351351351,NaN,NaN,,NaN,NaN,NaN,NaN,0.46153846153846156,NaN,NaN,,NaN,NaN,NaN,NaN,0.4918032786885246,NaN,NaN,
5650000,0.7960199004975125,0.9901477832512315,0.56,0.505,0.455,0.9502487562189055,0.9271844660194175,,200,246,200,267,258,136,123,,1,1.2329317269076305,1,1.3132075471698113,1.2692307692307692,1.2262773722627738,1.2093023255813953,,NaN,NaN,NaN,NaN,0.5373134328358209,NaN,NaN,,NaN,NaN,NaN,NaN,0.38028169014084506,NaN,NaN,,NaN,NaN,NaN,NaN,0.45161290322580644,NaN,NaN,
5700000,0.7185929648241206,0.9794871794871794,0.515,0.57,0.52,0.9396984924623115,0.923469387755102,,200,262,200,274,258,121,121,,1,1.272373540856031,1,1.3759124087591241,1.3046875,1.25,1.435897435897436,,NaN,NaN,NaN,NaN,0.5735294117647058,NaN,NaN,,NaN,NaN,NaN,NaN,0.5223880597014925,NaN,NaN,,NaN,NaN,NaN,NaN,0.46153846153846156,NaN,NaN,
5750000,0.7178217821782178,0.9853658536585366,0.6,0.52,0.585,0.9019607843137255,0.9128205128205128,,200,270,200,304,278,134,143,,1,1.3163636363636364,1,1.5460526315789473,1.3843416370106763,1.3357664233576643,1.3333333333333333,,NaN,NaN,NaN,NaN,0.5972222222222222,NaN,NaN,,NaN,NaN,NaN,NaN,0.631578947368421,NaN,NaN,,NaN,NaN,NaN,NaN,0.5352112676056338,NaN,NaN,
5800000,0.6532663316582915,0.9540816326530612,0.53,0.54,0.545,0.8871794871794871,0.9215686274509803,,200,294,200,300,315,157,131,,1,1.4068965517241379,1,1.4682274247491638,1.5884244372990353,1.3311258278145695,1.3759398496240602,,NaN,NaN,NaN,NaN,0.6461538461538462,NaN,NaN,,NaN,NaN,NaN,NaN,0.48484848484848486,NaN,NaN,,NaN,NaN,NaN,NaN,0.5072463768115942,NaN,NaN,
5850000,0.6080402010050251,0.9494949494949495,0.53,0.52,0.535,0.8676470588235294,0.9238578680203046,,200,303,200,335,303,145,141,,1,1.4318936877076411,1,1.7,1.5,1.2649006622516556,1.3211678832116789,,NaN,NaN,NaN,NaN,0.5230769230769231,NaN,NaN,,NaN,NaN,NaN,NaN,0.5151515151515151,NaN,NaN,,NaN,NaN,NaN,NaN,0.5652173913043478,NaN,NaN,
5900000,0.62,0.945273631840796,0.46,0.475,0.51,0.8888888888888888,0.8634146341463415,,200,310,200,327,313,121,152,,1,1.4437299035369775,1,1.6554878048780488,1.5224358974358974,1.347457627118644,1.7924528301886793,,NaN,NaN,NaN,NaN,0.5,NaN,NaN,,NaN,NaN,NaN,NaN,0.5,NaN,NaN,,NaN,NaN,NaN,NaN,0.532258064516129,NaN,NaN,
5950000,0.555,0.9095477386934674,0.56,0.48,0.585,0.8529411764705882,0.8527918781725888,,200,323,200,360,340,140,165,,1,1.5,1,1.734072022160665,1.7603550295857988,1.5103448275862068,1.7901234567901234,,NaN,NaN,NaN,NaN,0.6125,NaN,NaN,,NaN,NaN,NaN,NaN,0.5692307692307692,NaN,NaN,,NaN,NaN,NaN,NaN,0.5636363636363636,NaN,NaN,
6000000,0.5522388059701493,0.8960396039603961,0.485,0.605,0.54,0.8527918781725888,0.805,,200,331,200,388,381,152,200,,1,1.5225225225225225,1,1.8485639686684072,1.976063829787234,1.472972972972973,1.8934010152284264,,NaN,NaN,NaN,NaN,0.6349206349206349,NaN,NaN,,NaN,NaN,NaN,NaN,0.5,NaN,NaN,,NaN,NaN,NaN,NaN,0.4935064935064935,NaN,NaN,
6050000,0.485,0.8928571428571429,0.495,0.565,0.505,0.8308457711442786,0.82,,200,339,200,432,406,167,197,,1,1.5223880597014925,1,2.0162037037037037,1.9338235294117647,1.5119047619047619,1.86,,NaN,NaN,NaN,NaN,0.48,NaN,NaN,,NaN,NaN,NaN,NaN,0.4925373134328358,NaN,NaN,,NaN,NaN,NaN,NaN,0.5517241379310345,NaN,NaN,
6100000,0.445,0.87,0.55,0.52,0.51,0.806930693069307,0.797979797979798,,200,354,200,440,455,158,216,,1,1.5819209039548023,1,2.032332563510393,2.151111111111111,1.49375,2.047169811320755,,NaN,NaN,NaN,NaN,0.5806451612903226,NaN,NaN,,NaN,NaN,NaN,NaN,0.4782608695652174,NaN,NaN,,NaN,NaN,NaN,NaN,0.4782608695652174,NaN,NaN,
6150000,0.4271356783919598,0.7360406091370558,0.465,0.545,0.485,0.7239583333333334,0.7512437810945274,,200,397,200,475,469,193,226,,1,1.6751269035532994,1,2.2442105263157894,2.4712153518123667,1.6054054054054054,2.2787610619469025,,NaN,NaN,NaN,NaN,0.46551724137931033,NaN,NaN,,NaN,NaN,NaN,NaN,0.5324675324675324,NaN,NaN,,NaN,NaN,NaN,NaN,0.4461538461538462,NaN,NaN,
6200000,0.38190954773869346,0.7839195979899497,0.49,0.53,0.495,0.6633663366336634,0.7609756097560976,,200,390,200,494,476,212,264,,1,1.6658097686375322,1,2.18989898989899,2.619747899159664,1.6338028169014085,2.6816479400749063,,NaN,NaN,NaN,NaN,0.5,NaN,NaN,,NaN,NaN,NaN,NaN,0.4852941176470588,NaN,NaN,,NaN,NaN,NaN,NaN,0.5,NaN,NaN,
6250000,0.35323383084577115,0.755,0.58,0.485,0.535,0.7236180904522613,0.7025641025641025,,200,386,200,535,474,201,320,,1,1.66580310880829,1,2.444649446494465,2.630801687763713,1.6567164179104477,3.045307443365696,,NaN,NaN,NaN,NaN,0.49230769230769234,NaN,NaN,,NaN,NaN,NaN,NaN,0.5217391304347826,NaN,NaN,,NaN,NaN,NaN,NaN,0.5909090909090909,NaN,NaN,
6300000,0.3034825870646766,0.5829145728643216,0.525,0.5,0.5,0.7729468599033816,0.7461928934010152,,200,451,200,604,478,150,309,,1,1.788888888888889,1,2.5289115646258504,3.514644351464435,1.585987261146497,3.3896103896103895,,NaN,NaN,NaN,NaN,0.48717948717948717,NaN,NaN,,NaN,NaN,NaN,NaN,0.5666666666666667,NaN,NaN,,NaN,NaN,NaN,NaN,0.45161290322580644,NaN,NaN,
6350000,0.26,0.5763546798029556,0.555,0.49,0.61,0.6834170854271356,0.6682692307692307,,200,447,200,637,469,200,421,,1,1.8,1,2.702660406885759,3.624733475479744,1.586734693877551,4.127098321342926,,NaN,NaN,NaN,NaN,0.59375,NaN,NaN,,NaN,NaN,NaN,NaN,0.5857142857142857,NaN,NaN,,NaN,NaN,NaN,NaN,0.6515151515151515,NaN,NaN,
6400000,0.19402985074626866,0.5445026178010471,0.56,0.47,0.51,0.695,0.6923076923076923,,200,473,200,700,479,194,388,,1,1.8125,1,2.7928057553956833,4.0480167014613775,1.6428571428571428,4.222784810126583,,NaN,NaN,NaN,NaN,0.417910447761194,NaN,NaN,,NaN,NaN,NaN,NaN,0.640625,NaN,NaN,,NaN,NaN,NaN,NaN,0.4782608695652174,NaN,NaN,
6450000,0.23115577889447236,0.4,0.51,0.46,0.53,0.6331658291457286,0.628140703517588,,200,505,200,737,472,219,462,,1,1.8772277227722771,1,2.8476190476190477,4.0423728813559325,1.705069124423963,4.4593406593406595,,NaN,NaN,NaN,NaN,0.410958904109589,NaN,NaN,,NaN,NaN,NaN,NaN,0.582089552238806,NaN,NaN,,NaN,NaN,NaN,NaN,0.6166666666666667,NaN,NaN,
6500000,0.135,0.4088669950738916,0.505,0.54,0.475,0.6482412060301508,0.59,,200,512,200,794,469,198,473,,1,1.895145631067961,1,2.97724399494311,4.810234541577826,1.7688442211055277,5.680761099365751,,NaN,NaN,NaN,NaN,0.43636363636363634,NaN,NaN,,NaN,NaN,NaN,NaN,0.5,NaN,NaN,,NaN,NaN,NaN,NaN,0.47619047619047616,NaN,NaN,
6550000,0.1507537688442211,0.35858585858585856,0.54,0.545,0.555,0.592964824120603,0.49504950495049505,,200,512,200,864,476,223,479,,1,1.8901960784313725,1,3.068684516880093,6.0966386554621845,1.6940639269406392,5.478079331941545,,NaN,NaN,NaN,NaN,0.5454545454545454,NaN,NaN,,NaN,NaN,NaN,NaN,0.4927536231884058,NaN,NaN,,NaN,NaN,NaN,NaN,0.6307692307692307,NaN,NaN,
6600000,0.095,0.325,0.475,0.55,0.52,0.56,0.5252525252525253,,200,522,200,920,475,243,475,,1,1.9061302681992338,1,3.183406113537118,7.511578947368421,1.7804878048780488,5.351578947368421,,NaN,NaN,NaN,NaN,0.36507936507936506,NaN,NaN,,NaN,NaN,NaN,NaN,0.47619047619047616,NaN,NaN,,NaN,NaN,NaN,NaN,0.6891891891891891,NaN,NaN,
6650000,0.085,0.28061224489795916,0.485,0.515,0.61,0.5969387755102041,0.4166666666666667,,200,550,200,961,474,227,474,,1,1.9304029304029304,1,3.2219917012448134,6.654008438818566,1.7727272727272727,5.137130801687764,,NaN,NaN,NaN,NaN,0.47058823529411764,NaN,NaN,,NaN,NaN,NaN,NaN,0.6056338028169014,NaN,NaN,,NaN,NaN,NaN,NaN,0.7051282051282052,NaN,NaN,
6700000,0.065,0.1485148514851485,0.53,0.52,0.57,0.5555555555555556,0.3526570048309179,,200,566,200,1066,470,248,474,,1,1.9630281690140845,1,3.334280303030303,7.0212765957446805,1.7611336032388665,5.318565400843882,,NaN,NaN,NaN,NaN,0.417910447761194,NaN,NaN,,NaN,NaN,NaN,NaN,0.5833333333333334,NaN,NaN,,NaN,NaN,NaN,NaN,0.7213114754098361,NaN,NaN,
6750000,0.05970149253731343,0.20707070707070707,0.555,0.535,0.465,0.46568627450980393,0.35353535353535354,,200,560,200,1067,475,289,474,,1,1.956989247311828,1,3.365762394761459,7.231578947368421,1.819112627986348,6.582278481012659,,NaN,NaN,NaN,NaN,0.35714285714285715,NaN,NaN,,NaN,NaN,NaN,NaN,0.43661971830985913,NaN,NaN,,NaN,NaN,NaN,NaN,0.6271186440677966,NaN,NaN,
6800000,0.029850746268656716,0.07425742574257425,0.485,0.58,0.58,0.5357142857142857,0.3811881188118812,,200,585,200,1122,474,238,473,,1,1.981260647359455,1,3.386547085201794,7.725738396624473,1.7574468085106383,7.900634249471459,,NaN,NaN,NaN,NaN,0.36923076923076925,NaN,NaN,,NaN,NaN,NaN,NaN,0.559322033898305,NaN,NaN,,NaN,NaN,NaN,NaN,0.7763157894736842,NaN,NaN,
6850000,0.020100502512562814,0.06965174129353234,0.42,0.535,0.515,0.4527363184079602,0.3781094527363184,,200,582,200,1132,475,284,479,,1,1.987993138936535,1,3.42226148409894,8.387368421052631,1.7915194346289753,9.586638830897703,,NaN,NaN,NaN,NaN,0.27419354838709675,NaN,NaN,,NaN,NaN,NaN,NaN,0.6075949367088608,NaN,NaN,,NaN,NaN,NaN,NaN,0.6440677966101694,NaN,NaN,
6900000,0.01,0.025380710659898477,0.39,0.515,0.545,0.46798029556650245,0.195,,200,595,200,1163,473,283,471,,1,1.989864864864865,1,3.467755803955288,10.135306553911205,1.8641114982578397,11.445859872611464,,NaN,NaN,NaN,NaN,0.2777777777777778,NaN,NaN,,NaN,NaN,NaN,NaN,0.6779661016949152,NaN,NaN,,NaN,NaN,NaN,NaN,0.7101449275362319,NaN,NaN,
6950000,0.005025125628140704,0.015,0.35,0.54,0.515,0.41025641025641024,0.185,,200,594,200,1190,475,297,475,,1,1.9966329966329965,1,3.4983193277310924,12.061052631578947,1.7697594501718212,13.43578947368421,,NaN,NaN,NaN,NaN,0.45161290322580644,NaN,NaN,,NaN,NaN,NaN,NaN,0.45588235294117646,NaN,NaN,,NaN,NaN,NaN,NaN,0.6285714285714286,NaN,NaN,
7000000,0,0.005050505050505051,0.365,0.56,0.475,0.3482587064676617,0.24,,200,600,200,1202,470,329,474,,1,1.9949832775919731,1,3.4845704753961635,14.148936170212766,1.8170731707317074,15.472573839662447,,NaN,NaN,NaN,NaN,0.2878787878787879,NaN,NaN,,NaN,NaN,NaN,NaN,0.4696969696969697,NaN,NaN,,NaN,NaN,NaN,NaN,0.6617647058823529,NaN,NaN,
7050000,0,0.0049261083743842365,0.32,0.505,0.495,0.2878787878787879,0.18,,200,600,200,1198,477,371,475,,1,2.0033167495854065,1,3.5016666666666665,16.09643605870021,1.8629032258064515,17.501052631578947,,NaN,NaN,NaN,NaN,0.27692307692307694,NaN,NaN,,NaN,NaN,NaN,NaN,0.527027027027027,NaN,NaN,,NaN,NaN,NaN,NaN,0.6885245901639344,NaN,NaN,
7100000,0,0.005025125628140704,0.28,0.53,0.42,0.22613065326633167,0.13,,200,596,200,1188,473,382,476,,1,1.9966386554621849,1,3.4856902356902357,17.9830866807611,1.762532981530343,19.584033613445378,,NaN,NaN,NaN,NaN,0.13157894736842105,NaN,NaN,,NaN,NaN,NaN,NaN,0.4864864864864865,NaN,NaN,,NaN,NaN,NaN,NaN,0.76,NaN,NaN,
7150000,0,0.004975124378109453,0.245,0.56,0.5,0.25,0.15656565656565657,,200,599,200,1170,475,381,470,,1,2,1,3.4774083546462062,19.52842105263158,1.8210526315789475,21.608510638297872,,NaN,NaN,NaN,NaN,0.13725490196078433,NaN,NaN,,NaN,NaN,NaN,NaN,0.5223880597014925,NaN,NaN,,NaN,NaN,NaN,NaN,0.7073170731707317,NaN,NaN,
7200000,0.0049261083743842365,0.06060606060606061,0.215,0.565,0.37,0.271356783919598,0.09405940594059406,,200,586,200,1147,477,378,476,,1,1.9828767123287672,1,3.4443478260869567,21.207112970711297,1.795275590551181,23.340336134453782,,NaN,NaN,NaN,NaN,0.09090909090909091,NaN,NaN,,NaN,NaN,NaN,NaN,0.417910447761194,NaN,NaN,,NaN,NaN,NaN,NaN,0.5970149253731343,NaN,NaN,
7250000,0.020202020202020204,0.07960199004975124,0.185,0.49,0.295,0.23857868020304568,0.06532663316582915,,200,582,200,1106,476,389,473,,1,1.979416809605489,1,3.390950226244344,22.56421052631579,1.7552083333333333,24.503171247357294,,NaN,NaN,NaN,NaN,0.06944444444444445,NaN,NaN,,NaN,NaN,NaN,NaN,0.25,NaN,NaN,,NaN,NaN,NaN,NaN,0.6428571428571429,NaN,NaN,
7300000,0.05527638190954774,0.10344827586206896,0.12,0.51,0.3,0.2048780487804878,0.06532663316582915,,200,583,200,1107,478,413,481,,1,1.9829351535836177,1,3.4073741007194243,22.834728033472803,1.7932692307692308,24.873180873180875,,NaN,NaN,NaN,NaN,0,NaN,NaN,,NaN,NaN,NaN,NaN,0.2962962962962963,NaN,NaN,,NaN,NaN,NaN,NaN,0.5301204819277109,NaN,NaN,
7350000,0.06030150753768844,0.155,0.095,0.49,0.185,0.2524752475247525,0.030456852791878174,,200,579,200,974,480,401,472,,1,1.9706390328151986,1,3.2848423194303153,21.639583333333334,1.8103448275862069,24.25635593220339,,NaN,NaN,NaN,NaN,0,NaN,NaN,,NaN,NaN,NaN,NaN,0.1527777777777778,NaN,NaN,,NaN,NaN,NaN,NaN,0.4262295081967213,NaN,NaN,
7400000,0.10945273631840796,0.24875621890547264,0.105,0.41,0.22,0.2727272727272727,0.020202020202020204,,200,545,200,974,470,382,476,,1,1.934065934065934,1,3.231644260599793,21.014893617021276,1.725130890052356,23.147058823529413,,NaN,NaN,NaN,NaN,0,NaN,NaN,,NaN,NaN,NaN,NaN,0.1111111111111111,NaN,NaN,,NaN,NaN,NaN,NaN,0.5441176470588235,NaN,NaN,
7450000,0.135,0.28217821782178215,0.12,0.405,0.185,0.29591836734693877,0.00980392156862745,,200,543,200,917,473,394,467,,1,1.9302752293577983,1,3.1596091205211727,20.01057082452431,1.709090909090909,21.507494646680943,,NaN,NaN,NaN,NaN,0,NaN,NaN,,NaN,NaN,NaN,NaN,0.017241379310344827,NaN,NaN,,NaN,NaN,NaN,NaN,0.4864864864864865,NaN,NaN,
7500000,0.11442786069651742,0.30303030303030304,0.135,0.42,0.18,0.3,0.005128205128205128,,200,533,200,852,481,390,474,,1,1.9227871939736347,1,3.103368176538908,16.93762993762994,1.7760814249363868,18.81856540084388,,NaN,NaN,NaN,NaN,0,NaN,NaN,,NaN,NaN,NaN,NaN,0.015384615384615385,NaN,NaN,,NaN,NaN,NaN,NaN,0.5072463768115942,NaN,NaN,
7550000,0.12437810945273632,0.4129353233830846,0.145,0.38,0.145,0.33663366336633666,0,,200,519,200,783,474,385,466,,1,1.8923076923076922,1,2.9253539253539254,15.185654008438819,1.7371134020618557,15.90343347639485,,NaN,NaN,NaN,NaN,0,NaN,NaN,,NaN,NaN,NaN,NaN,0,NaN,NaN,,NaN,NaN,NaN,NaN,0.46774193548387094,NaN,NaN,
7600000,0.1717171717171717,0.5226130653266332,0.13,0.43,0.205,0.42574257425742573,0,,200,484,200,766,469,331,477,,1,1.84472049689441,1,2.9703989703989704,11.912579957356076,1.6696696696696696,12.918238993710691,,NaN,NaN,NaN,NaN,0,NaN,NaN,,NaN,NaN,NaN,NaN,0,NaN,NaN,,NaN,NaN,NaN,NaN,0.6212121212121212,NaN,NaN,
7650000,0.25870646766169153,0.4975124378109453,0.125,0.445,0.16,0.48258706467661694,0,,200,484,200,666,479,330,476,,1,1.8494845360824743,1,2.71021021021021,10.135699373695198,1.6696969696969697,9.340336134453782,,NaN,NaN,NaN,NaN,0,NaN,NaN,,NaN,NaN,NaN,NaN,0,NaN,NaN,,NaN,NaN,NaN,NaN,0.41025641025641024,NaN,NaN,
7700000,0.21717171717171718,0.6146341463414634,0.205,0.465,0.215,0.5326633165829145,0,,200,448,200,645,471,305,472,,1,1.783664459161148,1,2.652241112828439,7.45859872611465,1.6885245901639345,7.254237288135593,,NaN,NaN,NaN,NaN,0,NaN,NaN,,NaN,NaN,NaN,NaN,0,NaN,NaN,,NaN,NaN,NaN,NaN,0.581081081081081,NaN,NaN,
7750000,0.2722772277227723,0.6,0.19,0.505,0.235,0.5594059405940595,0,,200,439,200,561,475,289,472,,1,1.7904328018223234,1,2.4973637961335675,6.829473684210527,1.5787671232876712,5.665254237288136,,NaN,NaN,NaN,NaN,0,NaN,NaN,,NaN,NaN,NaN,NaN,0,NaN,NaN,,NaN,NaN,NaN,NaN,0.6811594202898551,NaN,NaN,
7800000,0.3768844221105528,0.7164179104477612,0.19,0.515,0.235,0.625,0,,200,420,200,552,467,249,475,,1,1.7268408551068883,1,2.413793103448276,3.7494646680942183,1.62109375,4.528421052631579,,NaN,NaN,NaN,NaN,0,NaN,NaN,,NaN,NaN,NaN,NaN,0,NaN,NaN,,NaN,NaN,NaN,NaN,0.7014925373134329,NaN,NaN,
7850000,0.4020100502512563,0.693069306930693,0.245,0.545,0.275,0.6927083333333334,0,,200,418,200,473,473,247,474,,1,1.7333333333333334,1,2.2222222222222223,2.1775898520084565,1.55,3.518987341772152,,NaN,NaN,NaN,NaN,0,NaN,NaN,,NaN,NaN,NaN,NaN,0.13432835820895522,NaN,NaN,,NaN,NaN,NaN,NaN,0.7540983606557377,NaN,NaN,
7900000,0.40594059405940597,0.8040201005025126,0.24,0.51,0.28,0.7729468599033816,0,,200,391,200,438,476,193,469,,1,1.6615384615384616,1,2.14187643020595,2.680672268907563,1.5577889447236182,2.6865671641791047,,NaN,NaN,NaN,NaN,0,NaN,NaN,,NaN,NaN,NaN,NaN,0.2328767123287671,NaN,NaN,,NaN,NaN,NaN,NaN,0.6964285714285714,NaN,NaN,
7950000,0.4626865671641791,0.7560975609756098,0.265,0.56,0.49,0.751269035532995,0,,200,401,200,485,469,197,479,,1,1.7118226600985222,1,2.203665987780041,2.678038379530917,1.5487179487179488,2.6116910229645094,,NaN,NaN,NaN,NaN,0.015151515151515152,NaN,NaN,,NaN,NaN,NaN,NaN,0.5510204081632653,NaN,NaN,,NaN,NaN,NaN,NaN,0.8235294117647058,NaN,NaN,
8000000,0.457286432160804,0.8811881188118812,0.33,0.55,0.49,0.8155339805825242,0,,200,346,200,435,480,160,472,,1,1.5718390804597702,1,2.0788863109048723,1.8270833333333334,1.5089820359281436,2.305084745762712,,NaN,NaN,NaN,NaN,0.06557377049180328,NaN,NaN,,NaN,NaN,NaN,NaN,0.5217391304347826,NaN,NaN,,NaN,NaN,NaN,NaN,0.8285714285714286,NaN,NaN,
8050000,0.5671641791044776,0.8787878787878788,0.3,0.57,0.545,0.7857142857142857,0,,200,347,200,363,472,163,474,,1,1.5681159420289854,1,1.7801608579088473,1.8114406779661016,1.4777070063694266,2.132911392405063,,NaN,NaN,NaN,NaN,0.22641509433962265,NaN,NaN,,NaN,NaN,NaN,NaN,0.618421052631579,NaN,NaN,,NaN,NaN,NaN,NaN,0.704225352112676,NaN,NaN,
8100000,0.5786802030456852,0.8970588235294118,0.41,0.55,0.535,0.865,0.005,,200,323,200,370,478,140,474,,1,1.510703363914373,1,1.7940379403794038,2.01673640167364,1.4366197183098592,2.0759493670886076,,NaN,NaN,NaN,NaN,0.3235294117647059,NaN,NaN,,NaN,NaN,NaN,NaN,0.6379310344827587,NaN,NaN,,NaN,NaN,NaN,NaN,0.6486486486486487,NaN,NaN,
8150000,0.6435643564356436,0.9479166666666666,0.42,0.595,0.55,0.900990099009901,0.6777251184834123,,200,305,200,328,383,127,364,,1,1.4074074074074074,1,1.6483180428134556,1.9258312020460358,1.3410852713178294,1.768,,NaN,NaN,NaN,NaN,0.5211267605633803,NaN,NaN,,NaN,NaN,NaN,NaN,0.578125,NaN,NaN,,NaN,NaN,NaN,NaN,0.5538461538461539,NaN,NaN,
8200000,0.62,0.9466019417475728,0.465,0.555,0.565,0.9030612244897959,0.7969543147208121,,200,287,200,314,325,130,268,,1,1.3993174061433447,1,1.518987341772152,1.6626506024096386,1.3253968253968254,1.5223880597014925,,NaN,NaN,NaN,NaN,0.5147058823529411,NaN,NaN,,NaN,NaN,NaN,NaN,0.5774647887323944,NaN,NaN,,NaN,NaN,NaN,NaN,0.6065573770491803,NaN,NaN,
8250000,0.7828282828282829,0.9646464646464646,0.47,0.495,0.59,0.9310344827586207,0.821256038647343,,200,297,200,291,295,125,244,,1,1.3966101694915254,1,1.5238095238095237,1.4290657439446366,1.2913385826771653,1.800796812749004,,NaN,NaN,NaN,NaN,0.6111111111111112,NaN,NaN,,NaN,NaN,NaN,NaN,0.5238095238095238,NaN,NaN,,NaN,NaN,NaN,NaN,0.6307692307692307,NaN,NaN,
8300000,0.6502463054187192,0.97,0.505,0.55,0.535,0.9547738693467337,0.85,,200,284,200,253,288,108,219,,1,1.3767605633802817,1,1.2650602409638554,1.486206896551724,1.2685185185185186,1.4220183486238531,,NaN,NaN,NaN,NaN,0.5733333333333334,NaN,NaN,,NaN,NaN,NaN,NaN,0.5616438356164384,NaN,NaN,,NaN,NaN,NaN,NaN,0.4423076923076923,NaN,NaN,
8350000,0.7889447236180904,0.9705882352941176,0.56,0.52,0.605,0.916256157635468,0.8324873096446701,,200,274,200,272,276,120,209,,1,1.3489208633093526,1,1.36,1.3799283154121864,1.2868852459016393,1.3478260869565217,,NaN,NaN,NaN,NaN,0.6891891891891891,NaN,NaN,,NaN,NaN,NaN,NaN,0.6212121212121212,NaN,NaN,,NaN,NaN,NaN,NaN,0.48333333333333334,NaN,NaN,
8400000,0.7661691542288557,1,0.575,0.565,0.555,0.9695431472081218,0.9261083743842364,,200,248,200,264,247,118,165,,1,1.2073170731707317,1,1.2992424242424243,1.209016393442623,1.206896551724138,1.2840236686390532,,NaN,NaN,NaN,NaN,0.6166666666666667,NaN,NaN,,NaN,NaN,NaN,NaN,0.6,NaN,NaN,,NaN,NaN,NaN,NaN,0.475,NaN,NaN,
8450000,0.77,0.995049504950495,0.565,0.565,0.595,0.9704433497536946,0.9556650246305419,,200,236,200,246,251,104,133,,1,1.180672268907563,1,1.2298387096774193,1.2677165354330708,1.158878504672897,1.2222222222222223,,NaN,NaN,NaN,NaN,0.6229508196721312,NaN,NaN,,NaN,NaN,NaN,NaN,0.5606060606060606,NaN,NaN,,NaN,NaN,NaN,NaN,0.6027397260273972,NaN,NaN,
8500000,0.8737373737373737,1,0.575,0.57,0.51,0.9601990049751243,0.9597989949748744,,200,228,200,238,232,91,120,,1,1.1365638766519823,1,1.1924686192468619,1.1716738197424892,1.2065217391304348,1.2666666666666666,,NaN,NaN,NaN,NaN,0.5961538461538461,NaN,NaN,,NaN,NaN,NaN,NaN,0.4264705882352941,NaN,NaN,,NaN,NaN,NaN,NaN,0.525,NaN,NaN,
8550000,0.835,1,0.575,0.515,0.545,0.9591836734693877,0.9798994974874372,,200,240,200,226,233,118,106,,1,1.1859504132231404,1,1.1339285714285714,1.1428571428571428,1.1842105263157894,1.1523809523809523,,NaN,NaN,NaN,NaN,0.5454545454545454,NaN,NaN,,NaN,NaN,NaN,NaN,0.5081967213114754,NaN,NaN,,NaN,NaN,NaN,NaN,0.5753424657534246,NaN,NaN,
8600000,0.9,1,0.565,0.58,0.565,0.9852216748768473,0.9705882352941176,,200,230,200,219,210,100,115,,1,1.1385281385281385,1,1.1131221719457014,1.0610328638497653,1.0970873786407767,1.1260504201680672,,NaN,NaN,NaN,NaN,0.6060606060606061,NaN,NaN,,NaN,NaN,NaN,NaN,0.5625,NaN,NaN,,NaN,NaN,NaN,NaN,0.5285714285714286,NaN,NaN,
8650000,0.94,0.995,0.605,0.59,0.52,0.9798994974874372,0.9795918367346939,,200,221,200,222,223,105,96,,1,1.1040723981900453,1,1.1131221719457014,1.1126126126126126,1.1153846153846154,1.076086956521739,,NaN,NaN,NaN,NaN,0.46153846153846156,NaN,NaN,,NaN,NaN,NaN,NaN,0.4528301886792453,NaN,NaN,,NaN,NaN,NaN,NaN,0.6376811594202898,NaN,NaN,
8700000,0.9502487562189055,1,0.565,0.595,0.49,0.9702970297029703,0.9800995024875622,,200,214,200,209,211,102,100,,1,1.0610328638497653,1,1.0478468899521531,1.0471698113207548,1.1346153846153846,1.0693069306930694,,NaN,NaN,NaN,NaN,0.5806451612903226,NaN,NaN,,NaN,NaN,NaN,NaN,0.4264705882352941,NaN,NaN,,NaN,NaN,NaN,NaN,0.4714285714285714,NaN,NaN,
8750000,0.935,1,0.555,0.505,0.525,0.9900497512437811,1,,200,208,200,209,211,97,94,,1,1.0526315789473684,1,1.0476190476190477,1.0566037735849056,1.0408163265306123,1.0206185567010309,,NaN,NaN,NaN,NaN,0.4507042253521127,NaN,NaN,,NaN,NaN,NaN,NaN,0.5970149253731343,NaN,NaN,,NaN,NaN,NaN,NaN,0.532258064516129,NaN,NaN,
8800000,0.9651741293532339,1,0.57,0.52,0.555,1,0.9897959183673469,,200,204,200,208,203,96,87,,1,1.0245098039215685,1,1.0384615384615385,1.0147783251231528,1.0106382978723405,1.0481927710843373,,NaN,NaN,NaN,NaN,0.5,NaN,NaN,,NaN,NaN,NaN,NaN,0.6052631578947368,NaN,NaN,,NaN,NaN,NaN,NaN,0.5555555555555556,NaN,NaN,
8850000,0.9748743718592965,1,0.555,0.58,0.53,0.9949748743718593,0.9901960784313726,,200,203,200,203,203,103,100,,1,1.0147058823529411,1,1.0148514851485149,1.004950495049505,1.0294117647058822,1.0576923076923077,,NaN,NaN,NaN,NaN,0.5205479452054794,NaN,NaN,,NaN,NaN,NaN,NaN,0.5588235294117647,NaN,NaN,,NaN,NaN,NaN,NaN,0.5084745762711864,NaN,NaN,
8900000,0.9950248756218906,1,0.535,0.52,0.585,0.995049504950495,0.9949748743718593,,200,201,200,200,202,86,96,,1,1.005,1,1,1.0196078431372548,1.0227272727272727,1.0105263157894737,,NaN,NaN,NaN,NaN,0.5972222222222222,NaN,NaN,,NaN,NaN,NaN,NaN,0.6037735849056604,NaN,NaN,,NaN,NaN,NaN,NaN,0.56,NaN,NaN,
8950000,0.995,1,0.575,0.625,0.52,0.9949748743718593,1,,200,200,200,201,200,100,98,,1,1,1,1.004950495049505,1,1.0101010101010102,1,,NaN,NaN,NaN,NaN,0.5396825396825397,NaN,NaN,,NaN,NaN,NaN,NaN,0.49295774647887325,NaN,NaN,,NaN,NaN,NaN,NaN,0.5303030303030303,NaN,NaN,
9000000,0.9949494949494949,1,0.53,0.59,0.54,1,1,,200,200,200,200,200,97,103,,1,1,1,1,1,1,1,,NaN,NaN,NaN,NaN,0.5507246376811594,NaN,NaN,,NaN,NaN,NaN,NaN,0.48484848484848486,NaN,NaN,,NaN,NaN,NaN,NaN,0.5846153846153846,NaN,NaN,
9050000,1,1,0.545,0.605,0.54,1,1,,200,200,200,200,200,93,103,,1,1,1,1,1,1,1,,NaN,NaN,NaN,NaN,0.47692307692307695,NaN,NaN,,NaN,NaN,NaN,NaN,0.5068493150684932,NaN,NaN,,NaN,NaN,NaN,NaN,0.6451612903225806,NaN,NaN,
9100000,0.995,1,0.555,0.55,0.555,0.9948979591836735,1,,200,201,200,202,200,101,98,,1,1.005,1,1.0099502487562189,1,1.0103092783505154,1,,NaN,NaN,NaN,NaN,0.5324675324675324,NaN,NaN,,NaN,NaN,NaN,NaN,0.5757575757575758,NaN,NaN,,NaN,NaN,NaN,NaN,0.5614035087719298,NaN,NaN,
9150000,0.995,1,0.515,0.485,0.515,1,1,,200,203,200,200,201,89,99,,1,1.0098039215686274,1,1,1,1,1,,NaN,NaN,NaN,NaN,0.4935064935064935,NaN,NaN,,NaN,NaN,NaN,NaN,0.6,NaN,NaN,,NaN,NaN,NaN,NaN,0.4603174603174603,NaN,NaN,
9200000,0.964824120603015,1,0.54,0.48,0.54,0.995,0.9902439024390244,,200,202,200,204,202,105,94,,1,1.0149253731343284,1,1.0196078431372548,1.0099502487562189,1.0380952380952382,1.0303030303030303,,NaN,NaN,NaN,NaN,0.5454545454545454,NaN,NaN,,NaN,NaN,NaN,NaN,0.55,NaN,NaN,,NaN,NaN,NaN,NaN,0.5185185185185185,NaN,NaN,
9250000,0.9552238805970149,1,0.535,0.49,0.53,1,0.99,,200,204,200,211,201,90,85,,1,1.0147783251231528,1,1.0476190476190477,1.0097560975609756,1.010989010989011,1.035294117647059,,NaN,NaN,NaN,NaN,0.5675675675675675,NaN,NaN,,NaN,NaN,NaN,NaN,0.5409836065573771,NaN,NaN,,NaN,NaN,NaN,NaN,0.47692307692307695,NaN,NaN,
9300000,0.9748743718592965,1,0.52,0.51,0.505,0.9949238578680203,0.9849246231155779,,200,214,200,212,214,94,94,,1,1.0566037735849056,1,1.0560747663551402,1.0754716981132075,1.054945054945055,1.043010752688172,,NaN,NaN,NaN,NaN,0.5263157894736842,NaN,NaN,,NaN,NaN,NaN,NaN,0.4722222222222222,NaN,NaN,,NaN,NaN,NaN,NaN,0.5192307692307693,NaN,NaN,
9350000,0.945,0.9950248756218906,0.56,0.455,0.5,1,0.9949748743718593,,200,219,200,223,205,93,94,,1,1.0954545454545455,1,1.1081081081081081,1.0242718446601942,1.041237113402062,1.043010752688172,,NaN,NaN,NaN,NaN,0.5714285714285714,NaN,NaN,,NaN,NaN,NaN,NaN,0.45714285714285713,NaN,NaN,,NaN,NaN,NaN,NaN,0.47761194029850745,NaN,NaN,
9400000,0.8905472636815921,1,0.575,0.56,0.525,0.9695431472081218,0.9852216748768473,,200,216,200,213,212,98,96,,1,1.0921658986175116,1,1.0700934579439252,1.0568720379146919,1.0947368421052632,1.0505050505050506,,NaN,NaN,NaN,NaN,0.45714285714285713,NaN,NaN,,NaN,NaN,NaN,NaN,0.6571428571428571,NaN,NaN,,NaN,NaN,NaN,NaN,0.45,NaN,NaN,
9450000,0.9552238805970149,1,0.565,0.56,0.525,0.9848484848484849,0.958974358974359,,200,226,200,225,220,93,115,,1,1.1071428571428572,1,1.1126126126126126,1.095890410958904,1.0879120879120878,1.1272727272727272,,NaN,NaN,NaN,NaN,0.5671641791044776,NaN,NaN,,NaN,NaN,NaN,NaN,0.532258064516129,NaN,NaN,,NaN,NaN,NaN,NaN,0.4788732394366197,NaN,NaN,
9500000,0.8894472361809045,0.9851485148514851,0.53,0.505,0.545,0.9597989949748744,0.9752475247524752,,200,229,200,230,236,117,119,,1,1.155844155844156,1,1.1359649122807018,1.1652542372881356,1.1637931034482758,1.1239669421487604,,NaN,NaN,NaN,NaN,0.5396825396825397,NaN,NaN,,NaN,NaN,NaN,NaN,0.5352112676056338,NaN,NaN,,NaN,NaN,NaN,NaN,0.5606060606060606,NaN,NaN,
9550000,0.8994974874371859,0.9949494949494949,0.575,0.525,0.55,0.975609756097561,0.9593908629441624,,200,237,200,250,231,96,130,,1,1.1702127659574468,1,1.2727272727272727,1.148471615720524,1.1287128712871286,1.1653543307086613,,NaN,NaN,NaN,NaN,0.5245901639344263,NaN,NaN,,NaN,NaN,NaN,NaN,0.6031746031746031,NaN,NaN,,NaN,NaN,NaN,NaN,0.5263157894736842,NaN,NaN,
9600000,0.8168316831683168,0.995049504950495,0.6,0.545,0.545,0.9191919191919192,0.9405940594059405,,200,243,200,255,250,125,124,,1,1.2,1,1.25,1.2629482071713147,1.2764227642276422,1.3095238095238095,,NaN,NaN,NaN,NaN,0.5957446808510638,NaN,NaN,,NaN,NaN,NaN,NaN,0.5714285714285714,NaN,NaN,,NaN,NaN,NaN,NaN,0.4868421052631579,NaN,NaN,
9650000,0.7738693467336684,0.9899497487437185,0.52,0.515,0.465,0.9402985074626866,0.94,,200,262,200,258,259,135,141,,1,1.3026819923371646,1,1.2687747035573123,1.277992277992278,1.2205882352941178,1.207142857142857,,NaN,NaN,NaN,NaN,0.42857142857142855,NaN,NaN,,NaN,NaN,NaN,NaN,0.46875,NaN,NaN,,NaN,NaN,NaN,NaN,0.4931506849315068,NaN,NaN,
9700000,0.696969696969697,0.9850746268656716,0.525,0.555,0.52,0.9444444444444444,0.900990099009901,,200,248,200,282,279,128,147,,1,1.2329317269076305,1,1.3886925795053005,1.4512635379061372,1.2063492063492063,1.445945945945946,,NaN,NaN,NaN,NaN,0.5138888888888888,NaN,NaN,,NaN,NaN,NaN,NaN,0.5384615384615384,NaN,NaN,,NaN,NaN,NaN,NaN,0.5079365079365079,NaN,NaN,
9750000,0.77,0.975,0.565,0.575,0.5,0.9408866995073891,0.935,,200,270,200,279,303,110,118,,1,1.3,1,1.3563636363636364,1.471571906354515,1.247787610619469,1.3833333333333333,,NaN,NaN,NaN,NaN,0.5,NaN,NaN,,NaN,NaN,NaN,NaN,0.43636363636363634,NaN,NaN,,NaN,NaN,NaN,NaN,0.5507246376811594,NaN,NaN,
9800000,0.6616915422885572,0.9696969696969697,0.53,0.535,0.545,0.8636363636363636,0.9123711340206185,,200,273,200,306,296,150,145,,1,1.3357933579335792,1,1.4688524590163934,1.4581939799331103,1.3310810810810811,1.5217391304347827,,NaN,NaN,NaN,NaN,0.45714285714285713,NaN,NaN,,NaN,NaN,NaN,NaN,0.5714285714285714,NaN,NaN,,NaN,NaN,NaN,NaN,0.6119402985074627,NaN,NaN,
9850000,0.645,0.9384615384615385,0.555,0.49,0.505,0.8894472361809045,0.848780487804878,,200,303,200,337,316,141,163,,1,1.4228187919463087,1,1.6764705882352942,1.6540880503144655,1.3714285714285714,1.5833333333333333,,NaN,NaN,NaN,NaN,0.5370370370370371,NaN,NaN,,NaN,NaN,NaN,NaN,0.5263157894736842,NaN,NaN,,NaN,NaN,NaN,NaN,0.45714285714285713,NaN,NaN,
9900000,0.6287128712871287,0.9516908212560387,0.535,0.58,0.515,0.896551724137931,0.8622448979591837,,200,310,200,354,333,143,181,,1,1.4794952681388012,1,1.6657223796033995,1.646341463414634,1.3287671232876712,1.6457142857142857,,NaN,NaN,NaN,NaN,0.45614035087719296,NaN,NaN,,NaN,NaN,NaN,NaN,0.4805194805194805,NaN,NaN,,NaN,NaN,NaN,NaN,0.6060606060606061,NaN,NaN,
9950000,0.5858585858585859,0.9015544041450777,0.52,0.575,0.53,0.8542713567839196,0.8571428571428571,,200,317,200,356,367,132,160,,1,1.4709677419354839,1,1.812849162011173,1.7874659400544959,1.426356589147287,1.6219512195121952,,NaN,NaN,NaN,NaN,0.484375,NaN,NaN,,NaN,NaN,NaN,NaN,0.49019607843137253,NaN,NaN,,NaN,NaN,NaN,NaN,0.5882352941176471,NaN,NaN,
10000000,0.5124378109452736,0.87,,,,0.8350515463917526,0.8241206030150754,,200,345,,,,151,195,,1,1.5594202898550724,,,,1.4863013698630136,1.9378238341968912,,NaN,NaN,,,,NaN,NaN,,NaN,NaN,,,,NaN,NaN,,NaN,NaN,,,,NaN,NaN,