,meanLatencyFromY,meanLatencyFromY,meanLatencyFromY,meanLatencyFromY,,meanAvailabilityFromY,meanAvailabilityFromY,meanAvailabilityFromY,meanAvailabilityFromY,,meanResponseGFastAvailability,meanResponseGFastAvailability,meanResponseGFastAvailability,meanResponseGFastAvailability,,meanResponseGMediumAvailability,meanResponseGMediumAvailability,meanResponseGMediumAvailability,meanResponseGMediumAvailability,,meanResponseGSlowAvailability,meanResponseGSlowAvailability,meanResponseGSlowAvailability,meanResponseGSlowAvailability,,meanResponseGFastLatency,meanResponseGFastLatency,meanResponseGFastLatency,meanResponseGFastLatency,,meanResponseGMediumLatency,meanResponseGMediumLatency,meanResponseGMediumLatency,meanResponseGMediumLatency,,meanResponseGSlowLatency,meanResponseGSlowLatency,meanResponseGSlowLatency,meanResponseGSlowLatency,
,A - Naive,E - RequestCaching,F - AsyncCacheLoading,G - PerRequestTimeout,,A - Naive,E - RequestCaching,F - AsyncCacheLoading,G - PerRequestTimeout,,A - Naive,E - RequestCaching,F - AsyncCacheLoading,G - PerRequestTimeout,,A - Naive,E - RequestCaching,F - AsyncCacheLoading,G - PerRequestTimeout,,A - Naive,E - RequestCaching,F - AsyncCacheLoading,G - PerRequestTimeout,,A - Naive,E - RequestCaching,F - AsyncCacheLoading,G - PerRequestTimeout,,A - Naive,E - RequestCaching,F - AsyncCacheLoading,G - PerRequestTimeout,,A - Naive,E - RequestCaching,F - AsyncCacheLoading,G - PerRequestTimeout,
50000,5795.858757062147,5648.314606741573,4,5998.350282485876,,0.4293785310734463,0.33146067415730335,0.035,0.4576271186440678,,0.07272727272727272,0.11538461538461539,0,0.05172413793103448,,0.4657534246575342,0.3880597014925373,0.043478260869565216,0.47619047619047616,,0.7755102040816326,0.4576271186440678,0.0547945205479452,0.8571428571428571,,5500.909090909091,5438.557692307692,6.982758620689655,5507,,5845.890410958904,5806.373134328358,7,6007,,6063.163265306122,5661.932203389831,6.986301369863014,6506.857142857143,
100000,5915.325,5498.915,4,5963.585858585859,,0.335,0.16,0.16,0.4090909090909091,,0.015873015873015872,0.02702702702702703,0.1282051282051282,0.189873417721519,,0.19047619047619047,0.20634920634920634,0.1694915254237288,0.3392857142857143,,0.7297297297297297,0.2698412698412698,0.19047619047619047,0.746031746031746,,5510.746031746032,5365.135135135135,6.948717948717949,5506.987341772152,,5979.714285714285,5764.650793650793,6.966101694915254,6006.964285714285,,6213.040540540541,5399.3650793650795,6.9523809523809526,6506.809523809524,
150000,5938.875,5441.211055276382,4,6008.945544554455,,0.225,0.11055276381909548,0.235,0.3712871287128713,,0,0.04477611940298507,0.2,0.23529411764705882,,0.0967741935483871,0.14925373134328357,0.23880597014925373,0.21875,,0.5909090909090909,0.13846153846153847,0.2602739726027397,0.6428571428571429,,5514,5267.373134328358,6.966666666666667,5507,,6000.612903225807,5540.20895522388,6.955223880597015,6006.96875,,6353.439393939394,5527.276923076923,6.917808219178082,6506.9,
200000,5925.346733668342,5593.8,4,6006.487562189055,,0.1457286432160804,0.065,0.305,0.38308457711442784,,0,0.06779661016949153,0.27419354838709675,0.3770491803278688,,0.14285714285714285,0.05970149253731343,0.3548387096774194,0.34615384615384615,,0.35,0.06756756756756757,0.2894736842105263,0.43548387096774194,,5514,5233.864406779661,6.951612903225806,5507,,6002.571428571428,5735.746268656716,6.887096774193548,6006.974358974359,,6432.25,5760.22972972973,6.934210526315789,6506.935483870968,
250000,6055.183168316832,5428.074257425743,4,5958.75879396985,,0.07425742574257425,0.06930693069306931,0.335,0.4221105527638191,,0,0.037037037037037035,0.38571428571428573,0.36363636363636365,,0.015873015873015872,0.13333333333333333,0.3064516129032258,0.4603174603174603,,0.175,0.04918032786885246,0.3088235294117647,0.4576271186440678,,5514,5310,6.9,5506.987012987013,,6013.920634920635,5208.583333333333,6.967741935483871,6006.984126984127,,6494.375,5810.491803278688,6.955882352941177,6506.796610169492,
300000,6019.391959798995,5375.969696969697,4,5983.985,,0.03015075376884422,0.08080808080808081,0.44,0.425,,0,0.07936507936507936,0.43333333333333335,0.4927536231884058,,0.014285714285714285,0.0958904109589041,0.4117647058823529,0.37142857142857144,,0.07462686567164178,0.06451612903225806,0.4722222222222222,0.4098360655737705,,5514,5076.857142857143,6.9,5507,,6008.214285714285,5433.369863013699,6.9411764705882355,6006.928571428572,,6507.6567164179105,5621.677419354839,6.902777777777778,6506.836065573771,
350000,6022.984924623115,5452.796019900497,4,6061.49,,0.01507537688442211,0.06467661691542288,0.49,0.49,,0,0.028985507246376812,0.47058823529411764,0.46551724137931033,,0.02857142857142857,0.07692307692307693,0.4142857142857143,0.5409836065573771,,0.014925373134328358,0.08955223880597014,0.5967741935483871,0.4691358024691358,,5514,5354.347826086957,6.926470588235294,5507,,6013.857142857143,5547.2307692307695,6.9,6006.950819672131,,6512.432835820896,5471.4029850746265,6.903225806451613,6506.901234567901,
400000,5986.124378109453,5442.945273631841,4,5988.995,,0,0.06467661691542288,0.5,0.6,,0,0.04054054054054054,0.49230769230769234,0.5675675675675675,,0,0.08823529411764706,0.5072463768115942,0.6206896551724138,,0,0.06779661016949153,0.5,0.6176470588235294,,5514,5290.7027027027025,6.907692307692308,5506.972972972973,,6014,5479.308823529412,6.913043478260869,6006.9655172413795,,6514,5602.016949152542,6.848484848484849,6506.838235294118,
450000,5978.5,5461.888888888889,4,5971.326633165829,,0,0.06565656565656566,0.585,0.5175879396984925,,0,0.047619047619047616,0.6065573770491803,0.5066666666666667,,0,0.04878048780487805,0.575,0.532258064516129,,0,0.11320754716981132,0.576271186440678,0.5161290322580645,,5514,5251.714285714285,6.901639344262295,5506.986666666667,,6014,5716.170731707317,6.8375,6006.919354838709,,6514,5329.377358490566,6.915254237288136,6506.854838709677,
500000,5990.79797979798,5585.24,4,5969,,0,0.04,0.54,0.58,,0,0.02666666666666667,0.5306122448979592,0.5205479452054794,,0,0.07692307692307693,0.5714285714285714,0.6470588235294118,,0,0.016666666666666666,0.5135135135135135,0.576271186440678,,5514,5367.12,6.8979591836734695,5507,,6014,5547.2307692307695,6.805194805194805,6006.911764705882,,6514,5908.95,6.851351351351352,6506.813559322034,
550000,5960.748743718593,5348.910891089109,4,5998.964824120603,,0,0.08415841584158416,0.465,0.4824120603015075,,0,0.1267605633802817,0.4714285714285714,0.4461538461538462,,0,0.04918032786885246,0.4098360655737705,0.5070422535211268,,0,0.07142857142857142,0.5072463768115942,0.49206349206349204,,5514,4815.802816901409,6.871428571428571,5507,,6014,5713.754098360656,6.967213114754099,6006.985915492958,,6514,5580.2,6.884057971014493,6506.9047619047615,
600000,5971.39603960396,5466.919191919192,4,6008.965174129353,,0,0.06565656565656566,0.535,0.5024875621890548,,0,0.06451612903225806,0.46875,0.532258064516129,,0,0.07575757575757576,0.6231884057971014,0.5466666666666666,,0,0.05714285714285714,0.5074626865671642,0.421875,,5514,5158.645161290323,6.9375,5507,,6014,5554.19696969697,6.869565217391305,6006.946666666667,,6514,5665.9857142857145,6.91044776119403,6506.921875,
650000,6023.376237623763,5595.236180904522,4,5956.73631840796,,0,0.04522613065326633,0.495,0.5124378109452736,,0,0,0.5245901639344263,0.5625,,0,0.07352941176470588,0.5362318840579711,0.4666666666666667,,0,0.05333333333333334,0.42857142857142855,0.4918032786885246,,5514,5514,6.950819672131147,5507,,6014,5567.588235294118,6.884057971014493,6006.983333333334,,6514,5688.8133333333335,6.914285714285715,6506.950819672131,
700000,5975.646464646465,5428.384236453202,4,5993.888888888889,,0,0.07389162561576355,0.58,0.5757575757575758,,0,0.03508771929824561,0.5151515151515151,0.6,,0,0.140625,0.6176470588235294,0.5,,0,0.04878048780487805,0.6060606060606061,0.6212121212121212,,5514,5320.736842105263,6.96969696969697,5507,,6014,5164.8125,6.882352941176471,6006.935483870968,,6514,5716.170731707317,6.909090909090909,6506.863636363636,
750000,5986.247524752475,5439.414141414141,4,6013.950248756219,,0,0.06565656565656566,0.555,0.4925373134328358,,0,0.041666666666666664,0.6065573770491803,0.5230769230769231,,0,0.08955223880597014,0.5846153846153846,0.5074626865671642,,0,0.06779661016949153,0.4864864864864865,0.4492753623188406,,5514,5284.5,6.885245901639344,5507,,6014,5471.4029850746265,6.923076923076923,6006.955223880597,,6514,5602.016949152542,6.9324324324324325,6506.927536231884,
800000,5990.79797979798,5622.119402985075,4,5976.222222222223,,0,0.03482587064676617,0.575,0.4494949494949495,,0,0.04054054054054054,0.5714285714285714,0.4057971014492754,,0,0.046875,0.5797101449275363,0.5211267605633803,,0,0.015873015873015872,0.5733333333333334,0.41379310344827586,,5514,5290.7027027027025,6.875,5507,,6014,5727.609375,6.855072463768116,6006.957746478874,,6514,5913.6984126984125,6.973333333333334,6506.896551724138,
850000,5991,5445.109452736318,4,5999.034653465346,,0,0.06965174129353234,0.575,0.5247524752475248,,0,0.04918032786885246,0.5079365079365079,0.43283582089552236,,0,0.05970149253731343,0.6231884057971014,0.6428571428571429,,0,0.0958904109589041,0.5882352941176471,0.49230769230769234,,5514,5243.11475409836,6.888888888888889,5506.985074626866,,6014,5650.611940298508,6.942028985507246,6006.9857142857145,,6514,5433.369863013699,6.970588235294118,6506.876923076923,
900000,6003.5,5534.914572864322,4,5991.368686868687,,0,0.05527638190954774,0.52,0.5151515151515151,,0,0.017543859649122806,0.4225352112676056,0.4857142857142857,,0,0.0625,0.5844155844155844,0.5396825396825397,,0,0.08064516129032258,0.5576923076923077,0.5230769230769231,,5514,5417.368421052632,6.901408450704225,5507,,6014,5633.8375,6.909090909090909,6006.936507936508,,6514,5524.854838709677,6.884615384615385,6506.969230769231,
950000,6011,5588.156565656565,4,5974.433497536946,,0,0.045454545454545456,0.53,0.5320197044334976,,0,0.03333333333333333,0.5454545454545454,0.5616438356164384,,0,0.029411764705882353,0.5263157894736842,0.43478260869565216,,0,0.07142857142857142,0.5217391304347826,0.6065573770491803,,5514,5330.4,6.836363636363636,5506.986301369863,,6014,5832.441176470588,6.921052631578948,6006.927536231884,,6514,5580.171428571429,6.884057971014493,6506.88524590164,
1000000,6040.702970297029,5624.26368159204,4,6019.070351758794,,0,0.03980099502487562,0.565,0.5125628140703518,,0,0.04918032786885246,0.5538461538461539,0.5081967213114754,,0,0.03076923076923077,0.5138888888888888,0.5492957746478874,,0,0.04,0.6349206349206349,0.47761194029850745,,5514,5243.11475409836,6.938461538461539,5507,,6014,5824.276923076923,6.930555555555555,6006.901408450704,,6514,5768.88,6.920634920634921,6506.910447761194,
1050000,6041,5587.705,4,5933.99,,0,0.04,0.5,0.485,,0,0.04,0.5230769230769231,0.43902439024390244,,0,0.045454545454545456,0.5285714285714286,0.484375,,0,0.03389830508474576,0.4461538461538462,0.5555555555555556,,5514,5293.68,6.907692307692308,5506.987804878048,,6014,5736.121212121212,6.914285714285715,6006.96875,,6514,5805.5084745762715,6.953846153846154,6506.833333333333,
1100000,6018.575757575758,5801.407035175879,4,5988.914572864322,,0,0.010050251256281407,0.505,0.5577889447236181,,0,0.03333333333333333,0.4393939393939394,0.6417910447761194,,0,0,0.6029411764705882,0.5774647887323944,,0,0,0.4696969696969697,0.4426229508196721,,5514,5330.4,6.909090909090909,5506.9701492537315,,6014,6009,6.867647058823529,6006.915492957746,,6514,6009,6.909090909090909,6506.918032786885,
1150000,6056,5860.691542288557,4,5989.074626865671,,0,0,0.52,0.42786069651741293,,0,0,0.5362318840579711,0.43661971830985913,,0,0,0.5694444444444444,0.5076923076923077,,0,0,0.4406779661016949,0.3384615384615385,,5514,5514,6.869565217391305,5507,,6014,6009,6.861111111111111,6006.953846153846,,6514,6008.967741935484,6.88135593220339,6506.923076923077,
1200000,5996.148514851485,5806.20895522388,4,6039.343434343435,,0,0.004975124378109453,0.505,0.51010101010101,,0,0,0.5076923076923077,0.6363636363636364,,0,0,0.5833333333333334,0.4189189189189189,,0,0.013888888888888888,0.4126984126984127,0.5072463768115942,,5514,5514,6.876923076923077,5507,,6014,6008.983333333334,6.944444444444445,6006.986486486487,,6514,5925.625,6.9523809523809526,6506.913043478261,
1250000,5970.595959595959,5854.251256281407,4,6008.965174129353,,0,0,0.525,0.4577114427860697,,0,0,0.4931506849315068,0.46875,,0,0,0.5735294117647058,0.5070422535211268,,0,0,0.5084745762711864,0.3939393939393939,,5514,5514,6.958904109589041,5506.984375,,6014,6008.985507246377,6.852941176470588,6006.957746478874,,6514,6008.971014492754,6.915254237288136,6506.893939393939,
1300000,5996,5829.386934673367,4,5974.144278606966,,0,0,0.52,0.527363184079602,,0,0,0.5882352941176471,0.5373134328358209,,0,0,0.5555555555555556,0.5063291139240507,,0,0,0.42028985507246375,0.5454545454545454,,5514,5514,6.882352941176471,5507,,6014,6009,6.825396825396825,6006.93670886076,,6514,6008.983606557377,6.913043478260869,6506.854545454546,
1350000,5993.587064676617,5831.139303482587,4,6008.99,,0,0,0.575,0.535,,0,0,0.5967741935483871,0.5454545454545454,,0,0,0.5454545454545454,0.5303030303030303,,0,0,0.5901639344262295,0.5294117647058824,,5514,5514,6.919354838709677,5507,,6014,6009,6.9480519480519485,6006.954545454545,,6514,6008.973333333333,6.836065573770492,6506.838235294118,
1400000,6045.825870646766,5807.995,4,5989,,0,0,0.57,0.5,,0,0,0.5737704918032787,0.5205479452054794,,0,0,0.5857142857142857,0.5333333333333333,,0,0,0.5507246376811594,0.44776119402985076,,5514,5514,6.934426229508197,5507,,6014,6009,6.9,6006.966666666666,,6514,6008.985294117647,6.898550724637682,6506.940298507463,
1450000,5988.386934673367,5859.236180904522,4,6013.995,,0,0,0.495,0.52,,0,0,0.6,0.4375,,0,0,0.4626865671641791,0.5882352941176471,,0,0,0.44871794871794873,0.5294117647058824,,5514,5514,6.8545454545454545,5506.984375,,6014,6009,6.91044776119403,6006.955882352941,,6514,6008.985507246377,6.935897435897436,6506.85294117647,
1500000,6028.587939698493,5863.1592039801,4,6039,,0,0,0.55,0.54,,0,0,0.4861111111111111,0.5272727272727272,,0,0,0.5441176470588235,0.5921052631578947,,0,0,0.6333333333333333,0.4927536231884058,,5514,5514,6.958333333333333,5507,,6014,6008.985294117647,6.911764705882353,6006.960526315789,,6514,6009,6.883333333333334,6506.927536231884,
1550000,6011,5859.965,4,5979.119402985075,,0,0,0.61,0.472636815920398,,0,0,0.6,0.4225352112676056,,0,0,0.676923076923077,0.463768115942029,,0,0,0.5538461538461539,0.5409836065573771,,5514,5514,6.942857142857143,5507,,6014,6008.976190476191,6.846153846153846,6006.971014492754,,6514,6009,6.8307692307692305,6506.88524590164,
1600000,5948.185929648242,5826.904522613066,4,5973.69696969697,,0,0,0.545,0.5555555555555556,,0,0,0.38461538461538464,0.4868421052631579,,0,0,0.654320987654321,0.5862068965517241,,0,0,0.5373134328358209,0.609375,,5514,5514,6.923076923076923,5507,,6014,6009,6.888888888888889,6006.948275862069,,6514,6009,6.955223880597015,6506.859375,
1650000,6043.663316582914,5850.835820895522,4,6063.985,,0,0,0.51,0.53,,0,0,0.4605263157894737,0.6,,0,0,0.5178571428571429,0.44642857142857145,,0,0,0.5588235294117647,0.5357142857142857,,5514,5514,6.907894736842105,5506.983333333334,,6014,6008.9701492537315,6.946428571428571,6006.928571428572,,6514,6008.985915492958,6.867647058823529,6506.8452380952385,
1700000,6026,5837.69,4,6048.771144278607,,0,0,0.545,0.5870646766169154,,0,0,0.5555555555555556,0.4918032786885246,,0,0,0.5303030303030303,0.6557377049180327,,0,0,0.5483870967741935,0.6075949367088608,,5514,5514,6.888888888888889,5506.983606557377,,6014,6008.983333333334,6.848484848484849,6006.934426229508,,6514,6008.986111111111,6.854838709677419,6506.860759493671,
1750000,5990.527363184079,5823.751243781095,4,6021.577889447236,,0.014925373134328358,0,0.515,0.592964824120603,,0,0,0.5540540540540541,0.6825396825396826,,0,0,0.47435897435897434,0.5303030303030303,,0.04838709677419355,0,0.5208333333333334,0.5714285714285714,,5514,5514,6.864864864864865,5507,,6014,6008.983606557377,6.858974358974359,6006.969696969697,,6512.145161290323,6008.984848484848,6.854166666666667,6506.914285714286,
1800000,5995.547738693467,5851.773869346734,4,6011.462686567164,,0.07537688442211055,0,0.49,0.5671641791044776,,0,0,0.49295774647887325,0.4925373134328358,,0,0,0.4696969696969697,0.609375,,0.23076923076923078,0,0.5079365079365079,0.6,,5514,5514,6.943661971830986,5507,,6014,6009,6.909090909090909,6006.953125,,6482.076923076923,6008.986111111111,6.857142857142857,6506.857142857143,
1850000,5961.965346534654,5873.663316582914,4,6051.495,,0.10396039603960396,0.005025125628140704,0.47,0.6,,0,0,0.4915254237288136,0.5818181818181818,,0.04285714285714286,0,0.5657894736842105,0.5492957746478874,,0.29508196721311475,0.013888888888888888,0.3384615384615385,0.6621621621621622,,5514,5514,6.915254237288136,5507,,6009.5,6008.986486486487,6.842105263157895,6006.957746478874,,6438.754098360656,6007.611111111111,6.938461538461539,6506.810810810811,
1900000,5944.718592964824,5834.517412935324,4,6029,,0.19095477386934673,0.04975124378109453,0.545,0.57,,0,0,0.5303030303030303,0.5873015873015873,,0.13432835820895522,0.07462686567164178,0.5263157894736842,0.46875,,0.46774193548387094,0.07042253521126761,0.5862068965517241,0.6438356164383562,,5514,5514,6.9393939393939394,5507,,5990.940298507463,5982.164179104478,6.855263157894737,6007,,6390.677419354839,5987.943661971831,6.913793103448276,6506.958904109589,
1950000,5910.626865671642,5789.5,4,6096.5,,0.373134328358209,0.105,0.52,0.685,,0.047619047619047616,0.02702702702702703,0.5396825396825397,0.5306122448979592,,0.30303030303030304,0.10526315789473684,0.45714285714285713,0.6,,0.7222222222222222,0.18840579710144928,0.5671641791044776,0.8372093023255814,,5504.238095238095,5513.891891891892,6.888888888888889,5507,,5967.030303030303,5977.491228070176,6.8428571428571425,6006.984615384616,,6222.888888888889,5938.173913043478,6.880597014925373,6506.941860465116,
2000000,5828.71144278607,5216.084577114428,4,6009,,0.43781094527363185,0.3333333333333333,0.515,0.725,,0.11764705882352941,0.19117647058823528,0.5555555555555556,0.5507246376811594,,0.30434782608695654,0.4025974025974026,0.5147058823529411,0.7,,0.921875,0.4107142857142857,0.4782608695652174,0.9154929577464789,,5497.235294117647,5014.35294117647,6.9523809523809526,5507,,5937.115942028986,5296.012987012987,6.823529411764706,6006.966666666666,,6073.421875,5360.910714285715,6.956521739130435,6506.802816901409,
2050000,5730.723618090452,5066.219512195122,4,5963.99,,0.5778894472361809,0.4975609756097561,0.5,0.8,,0.11594202898550725,0.3333333333333333,0.5522388059701493,0.625,,0.7272727272727273,0.546875,0.38095238095238093,0.8194444444444444,,0.921875,0.6231884057971014,0.5571428571428572,1,,5506.173913043478,4844.180555555556,6.925373134328358,5507,,5807.30303030303,5201.328125,6.968253968253968,6006.958333333333,,5903.078125,5180.260869565217,6.914285714285715,6506.75,
2100000,5571.618811881188,4952.060606060606,4,5981.381909547738,,0.7475247524752475,0.6919191919191919,0.5,0.8341708542713567,,0.35714285714285715,0.5254237288135594,0.5555555555555556,0.6764705882352942,,0.7972972972972973,0.7567567567567568,0.4025974025974026,0.8611111111111112,,1,0.7692307692307693,0.5666666666666667,0.9830508474576272,,5421.142857142857,5130.406779661017,6.888888888888889,5506.985294117647,,5641.0675675675675,4966.108108108108,6.922077922077922,6006.944444444444,,5625.569444444444,4781.569230769231,6.8,6506.779661016949,
2150000,5357.442786069651,3894.3756097560977,4,5959.6551724137935,,0.8606965174129353,0.8634146341463415,0.525,0.916256157635468,,0.6853932584269663,0.7432432432432432,0.4915254237288136,0.8059701492537313,,1,0.9523809523809523,0.5977011494252874,0.9540229885057471,,1,0.9117647058823529,0.4444444444444444,1,,5304.955056179775,3741.108108108108,6.932203389830509,5507,,5412.015384615384,3754.9523809523807,6.862068965517241,6006.908045977011,,5394.021276595745,4197.514705882353,6.87037037037037,6506.673469387755,
2200000,5163.010050251256,3506.716417910448,4,5953.474747474747,,0.9547738693467337,0.9552238805970149,0.525,0.9191919191919192,,0.8666666666666667,0.8870967741935484,0.47761194029850745,0.7916666666666666,,0.9841269841269841,1,0.5942028985507246,0.9864864864864865,,1,0.967741935483871,0.5,1,,5147.933333333333,3448.2258064516127,6.895522388059701,5506.972222222223,,5143.952380952381,3243.7662337662337,6.884057971014493,6006.905405405405,,5198.434210526316,3899.516129032258,6.9375,6506.75,
2250000,4985.278606965174,3260.5742574257424,4,6031.628140703518,,0.9651741293532339,0.9900990099009901,0.55,0.9899497487437185,,0.9230769230769231,0.9838709677419355,0.46551724137931033,0.9672131147540983,,0.984375,0.9859154929577465,0.5897435897435898,1,,1,1,0.578125,1,,4949.089743589743,3092.7419354838707,6.9655172413793105,5507,,5040.203125,3619.056338028169,6.846153846153846,6006.954545454545,,4983.4915254237285,3049.4057971014495,6.9375,6506.819444444444,
2300000,4765.480198019802,2581.2885572139303,4,5969.1592039801,,0.9851485148514851,0.9900497512437811,0.61,0.9900497512437811,,0.9361702127659575,0.971830985915493,0.6301369863013698,0.974025974025974,,1,1,0.625,1,,1,1,0.5774647887323944,1,,4775.276595744681,2223.887323943662,6.945205479452055,5506.987012987013,,4726.809523809524,2346.892307692308,6.839285714285714,6006.934426229508,,4813.197183098591,3213.769230769231,6.901408450704225,6506.809523809524,
2350000,4428.3830845771145,2515.1641791044776,4,5988.995,,1,1,0.53,1,,1,1,0.5072463768115942,1,,1,1,0.5161290322580645,1,,1,1,0.5652173913043478,1,,4432.677966101695,2642.6949152542375,6.913043478260869,5506.985074626866,,4417.987012987013,2553.633333333333,6.870967741935484,6006.972222222223,,4445.815384615385,2401.2073170731705,6.898550724637682,6506.819672131148,
2400000,4283.164179104478,2284.1990049751244,4,5998.985,,0.9900497512437811,1,0.495,1,,0.9722222222222222,1,0.5180722891566265,1,,1,1,0.5714285714285714,1,,1,1,0.39344262295081966,1,,4292.430555555556,2559.549295774648,6.927710843373494,5506.984126984127,,4299.065573770492,2184.3518518518517,6.892857142857143,6006.881578947368,,4267.75,2104.407894736842,6.836065573770492,6506.754098360656,
2450000,4121.341584158416,2085.1827411167515,4,6016.5,,1,1,0.48,1,,1,1,0.4868421052631579,1,,1,1,0.45588235294117646,1,,1,1,0.5,1,,4126.171875,2186.3968253968255,6.921052631578948,5507,,4127.267605633803,2061.189189189189,6.897058823529412,6006.95652173913,,4119.4029850746265,2016.7833333333333,6.910714285714286,6506.808823529412,
2500000,3919.6363636363635,1782.407960199005,4,5976.63184079602,,1,1,0.515,1,,1,1,0.43548387096774194,1,,1,1,0.5970149253731343,1,,1,1,0.5070422535211268,1,,3882.8,1643.9850746268658,6.870967741935484,5506.986301369863,,3974.159420289855,1936.3676470588234,6.865671641791045,6006.909090909091,,3907.40625,1772,6.873239436619718,6506.774193548387,
2550000,3754.5,1744.0833333333333,4,5991.43216080402,,1,1,0.575,1,,1,1,0.6428571428571429,1,,1,1,0.5614035087719298,1,,1,1,0.5205479452054794,1,,3792.0281690140846,1448.887323943662,6.885714285714286,5507,,3791.1774193548385,2180.2063492063494,6.912280701754386,6006.9473684210525,,3689.5671641791046,1658.3142857142857,6.972602739726027,6506.813559322034,
2600000,3589.743842364532,1745.549504950495,4,6013.995,,1,1,0.56,1,,1,1,0.5344827586206896,1,,1,1,0.5873015873015873,1,,1,1,0.5569620253164557,1,,3615.3174603174602,1814.2428571428572,6.879310344827586,5506.984375,,3598.507462686567,1777.3275862068965,6.857142857142857,6006.941176470588,,3567.8356164383563,1662.4324324324325,6.8734177215189876,6506.882352941177,
2650000,3512,1464.9547738693468,4,5984.094527363184,,1,1,0.515,1,,1,1,0.5064935064935064,1,,1,1,0.5074626865671642,1,,1,1,0.5357142857142857,1,,3497.4714285714285,1651.1964285714287,6.896103896103896,5507,,3576.181818181818,1367.8194444444443,6.895522388059701,6006.917808219178,,3486.266666666667,1423.7042253521126,6.892857142857143,6506.8,
2700000,3345,1683.8492462311558,4,6011.517587939698,,1,1,0.525,1,,1,1,0.49295774647887325,1,,1,1,0.6440677966101694,1,,1,1,0.45714285714285713,1,,3298.983333333333,1678.8732394366198,6.830985915492958,5507,,3382.6491228070176,1870.661971830986,6.864406779661017,6006.909090909091,,3359.5180722891564,1466.0701754385964,6.914285714285715,6506.75,
2750000,3265.90099009901,1327.328282828283,4,5998.964824120603,,1,1,0.53,1,,1,1,0.6190476190476191,1,,1,1,0.463768115942029,1,,1,1,0.5147058823529411,1,,3256.686567164179,1593.9032258064517,6.873015873015873,5507,,3250.28,1198.225352112676,6.898550724637682,6006.931506849315,,3305.616666666667,1221.923076923077,6.926470588235294,6506.806451612903,
2800000,3092.868686868687,1706.0985221674878,4,5998.974874371859,,1,1,0.475,1,,1,1,0.5151515151515151,1,,1,1,0.4666666666666667,1,,1,1,0.44594594594594594,1,,3127.782608695652,2141.35593220339,6.893939393939394,5507,,3029.2297297297296,1457.5890410958905,6.883333333333334,6006.949152542373,,3145.2909090909093,1607.0422535211267,6.905405405405405,6506.855072463768,
2850000,3075.6517412935323,1383.5544554455446,4,6006.472636815921,,1,1,0.5,1,,1,1,0.5,1,,1,1,0.5714285714285714,1,,1,1,0.4262295081967213,1,,3045.445945945946,1345.9710144927535,6.855263157894737,5507,,3071.1060606060605,1304.2054794520548,6.904761904761905,6006.914285714286,,3126.901639344262,1531.75,6.934426229508197,6506.80303030303,
2900000,3023.412935323383,1494.188775510204,4,5996.574257425743,,1,1,0.57,1,,1,1,0.6056338028169014,1,,1,1,0.5405405405405406,1,,1,1,0.5636363636363636,1,,3044.0945945945946,1524.6764705882354,6.887323943661972,5506.9857142857145,,2965.862068965517,1527.203125,6.918918918918919,6006.953846153846,,3058.2028985507245,1436.4375,6.872727272727273,6506.805970149254,
2950000,3011.4726368159204,1258.8768472906404,4,6019.075376884422,,1,1,0.52,1,,1,1,0.45454545454545453,1,,1,1,0.5666666666666667,1,,1,1,0.5405405405405406,1,,3058.1971830985917,1214.6973684210527,6.863636363636363,5507,,3036.242424242424,1252.6507936507937,6.85,6006.927536231884,,2943.296875,1325.5,6.918918918918919,6506.808823529412,
3000000,2999.939393939394,1387.6818181818182,4,5991.557213930349,,1,1,0.565,1,,1,1,0.53125,1,,1,1,0.5522388059701493,1,,1,1,0.6086956521739131,1,,2987.8028169014083,1320.4242424242425,6.921875,5506.985915492958,,2982.089552238806,1236.8142857142857,6.850746268656716,6006.90625,,3043.883333333333,1637.7096774193549,6.869565217391305,6506.863636363636,
3050000,2979.5,1420.9396984924624,4,6011.575757575758,,1,1,0.52,1,,1,1,0.48214285714285715,1,,1,1,0.5135135135135135,1,,1,1,0.5571428571428572,1,,3058.153846153846,1393.8387096774193,6.946428571428571,5507,,2955.0615384615385,1340.2753623188405,6.851351351351352,6006.936507936508,,2937.4857142857145,1534.8970588235295,6.857142857142857,6506.855072463768,
3100000,2966.391089108911,1749.0696517412935,4,5936.49,,1,1,0.51,1,,1,1,0.4307692307692308,1,,1,1,0.4861111111111111,1,,1,1,0.6190476190476191,1,,2925.876923076923,2093.098765432099,6.969230769230769,5506.977011494253,,3004.6428571428573,1620.1833333333334,6.888888888888889,6006.962264150943,,2974.626865671642,1421.65,6.841269841269841,6506.85,
3150000,3004,1439.6515151515152,4,6006.482587064676,,1,1,0.565,1,,1,1,0.5822784810126582,1,,1,1,0.5660377358490566,1,,1,1,0.5441176470588235,1,,3101.785714285714,1531.298245614035,6.8734177215189876,5507,,2983.5733333333333,1421.7837837837837,6.886792452830188,6006.921052631579,,2918.090909090909,1388.8358208955224,6.867647058823529,6506.841269841269,
3200000,3097.4141414141413,1460.8712871287128,4,6018.915422885572,,1,1,0.505,1,,1,1,0.4861111111111111,1,,1,1,0.547945205479452,1,,1,1,0.4727272727272727,1,,3128.983333333333,1417.7230769230769,6.930555555555555,5507,,3008.9193548387098,1384.0405405405406,6.863013698630137,6006.8983050847455,,3152.3684210526317,1603.6507936507937,6.909090909090909,6506.824324324324,
3250000,3150.5,1615.9900497512438,4,5988.904522613066,,1,1,0.615,1,,1,1,0.6292134831460674,1,,1,1,0.6428571428571429,1,,1,1,0.5636363636363636,1,,3204.7323943661972,1757.0166666666667,6.808988764044944,5507,,3101.5223880597014,1619.9180327868853,6.892857142857143,6006.840579710145,,3150.8709677419356,1513.4625,6.836363636363636,6506.693548387097,
3300000,3240.8258706467664,1678.055,4,6026.5,,1,1,0.5,1,,1,1,0.5588235294117647,1,,1,1,0.5,1,,1,1,0.44285714285714284,1,,3306.7634408602153,1679.361111111111,6.955882352941177,5506.983333333334,,3197.5849056603774,1593.3207547169811,6.887096774193548,6006.887323943662,,3181.690909090909,1743.3066666666666,6.885714285714286,6506.797101449275,
3350000,3352.7336683417084,1507.251256281407,4,6039.175879396985,,1,1,0.54,1,,1,1,0.5873015873015873,1,,1,1,0.5428571428571428,1,,1,1,0.4925373134328358,1,,3333.95,1559.2631578947369,6.888888888888889,5507,,3359.695652173913,1347.3188405797102,6.885714285714286,6006.971830985915,,3370.3571428571427,1624.7808219178082,6.955223880597015,6506.845070422535,
3400000,3454.241206030151,1658.6633165829146,4,6011.462686567164,,1,1,0.525,1,,1,1,0.5857142857142857,1,,1,1,0.5303030303030303,1,,1,1,0.453125,1,,3428.6065573770493,1801.8166666666666,6.885714285714286,5506.983606557377,,3429.2702702702704,1483.6712328767123,6.848484848484849,6006.881578947368,,3516.734375,1729.6363636363637,6.9375,6506.75,
3450000,3636.8030303030305,1925.58,4,5929.358208955224,,1,1,0.525,1,,1,1,0.6229508196721312,1,,1,1,0.515625,1,,1,1,0.4533333333333333,1,,3613.714285714286,1696.5,6.80327868852459,5506.974683544304,,3689.2272727272725,2324.7719298245615,6.890625,6006.890410958904,,3616.144927536232,1836.48,6.866666666666666,6506.734693877551,
3500000,3775.495,1833.43,4,6019.065326633166,,1,1,0.535,1,,1,1,0.5211267605633803,1,,1,1,0.5737704918032787,1,,1,1,0.5147058823529411,1,,3837.046875,1470.453125,6.873239436619718,5507,,3774.25,1748.126984126984,6.80327868852459,6006.927536231884,,3736.3333333333335,2232.095890410959,6.897058823529412,6506.75,
3550000,3913.030150753769,1938.2626262626263,4,5984.084577114428,,1,1,0.475,1,,1,1,0.53125,1,,1,1,0.47058823529411764,1,,1,1,0.4264705882352941,1,,3974.6857142857143,2302.59375,6.9375,5506.984375,,3959.7966101694915,2215.8840579710145,6.867647058823529,6006.876543209876,,3820.385714285714,1292.3846153846155,6.897058823529412,6506.785714285715,
3600000,4088.318181818182,2143.085,4,6003.984924623115,,1,1,0.53,1,,1,1,0.5272727272727272,1,,1,1,0.5277777777777778,1,,1,1,0.5342465753424658,1,,4098.661764705882,2290.3661971830984,6.818181818181818,5506.9682539682535,,4070.0416666666665,1885.125,6.930555555555555,6006.904109589041,,4108.9655172413795,2204.5068493150684,6.890410958904109,6506.793650793651,
3650000,4271.346534653465,1711,4,6053.751243781095,,1,1,0.53,1,,1,1,0.53125,1,,1,1,0.5538461538461539,1,,1,1,0.5070422535211268,1,,4255.31884057971,1849.8153846153846,6.859375,5507,,4223.6557377049185,1571.1846153846154,6.876923076923077,6006.957746478874,,4335.388888888889,1719.041095890411,6.873239436619718,6506.84,
3700000,4493.842639593909,2005.7929292929293,4,6039.353535353535,,0.9949238578680203,1,0.505,1,,0.987012987012987,1,0.4927536231884058,1,,1,1,0.5517241379310345,1,,1,1,0.4794520547945205,1,,4537.558441558442,1916.337837837838,6.927536231884058,5507,,4464.492063492064,1873.2666666666667,6.844827586206897,6006.939393939394,,4477.3859649122805,2241.34375,6.904109589041096,6506.876712328767,
3750000,4700.049751243781,2305.9848484848485,4,6048.995,,0.9950248756218906,0.9949494949494949,0.49,1,,0.9827586206896551,0.9876543209876543,0.4393939393939394,1,,1,1,0.4603174603174603,1,,1,1,0.5633802816901409,1,,4667.689655172414,2257.777777777778,6.848484848484849,5507,,4689.841269841269,2526.2631578947367,6.873015873015873,6006.954545454545,,4738.8875,2169.983333333333,6.929577464788732,6506.828947368421,
3800000,4888.878787878788,2374.7178217821784,4,6001.512437810945,,0.98989898989899,1,0.545,0.9900497512437811,,0.9655172413793104,1,0.5675675675675675,0.9710144927536232,,1,1,0.5079365079365079,1,,1,1,0.5555555555555556,1,,4966.017241379311,2170.96,6.864864864864865,5506.971014492754,,4830.75641025641,2637.4242424242425,6.936507936507937,6006.921875,,4899.241935483871,2349.3278688524592,6.873015873015873,6506.75,
3850000,5096.125,2343.9086294416243,4,5968.99,,0.975,0.9847715736040609,0.52,0.955,,0.9193548387096774,0.9682539682539683,0.515625,0.8933333333333333,,1,1,0.4657534246575342,0.984375,,1,0.9811320754716981,0.5873015873015873,1,,5078.693548387097,1869.984126984127,6.859375,5507,,5113.069444444444,2565.2716049382716,6.876712328767123,6006.953125,,5102.878787878788,2578.2830188679245,6.857142857142857,6506.836065573771,
3900000,5313.752525252526,2859.2373737373737,4,6016.495,,0.8636363636363636,0.9242424242424242,0.6,0.95,,0.6060606060606061,0.855072463768116,0.5161290322580645,0.873015873015873,,0.984375,0.9824561403508771,0.6666666666666666,0.9710144927536232,,1,0.9444444444444444,0.6060606060606061,1,,5288.242424242424,2540.8260869565215,6.870967741935484,5506.984126984127,,5305.921875,3071.877192982456,6.875,6006.971014492754,,5354.514705882353,3003.0555555555557,6.787878787878788,6506.794117647059,
3950000,5494.45,2312.692682926829,4,5993.878787878788,,0.81,0.8682926829268293,0.585,0.8737373737373737,,0.5185185185185185,0.75,0.6129032258064516,0.7272727272727273,,0.8405797101449275,0.9672131147540983,0.4864864864864865,0.9,,0.987012987012987,0.9027777777777778,0.671875,1,,5389.166666666667,2373.0416666666665,6.903225806451613,5507,,5564.869565217391,2198.1639344262294,6.918918918918919,6006.957142857143,,5512.935064935065,2356.652777777778,6.859375,6506.758064516129,
4000000,5673.4,2531.5175879396984,4,5996.564356435643,,0.72,0.7437185929648241,0.495,0.8217821782178217,,0.2962962962962963,0.6527777777777778,0.425531914893617,0.6164383561643836,,0.7428571428571429,0.8275862068965517,0.47761194029850745,0.8813559322033898,,1,0.7681159420289855,0.5465116279069767,0.9857142857142858,,5423.62962962963,2213.4305555555557,6.914893617021277,5506.986301369863,,5750.242857142857,2285.5344827586205,6.895522388059701,6006.932203389831,,5787.855263157895,3077.927536231884,6.895348837209302,6506.857142857143,
4050000,5857.010101010101,2569.188775510204,4,5948.723618090452,,0.494949494949495,0.6683673469387755,0.525,0.7236180904522613,,0.09259259259259259,0.5789473684210527,0.4925373134328358,0.6419753086419753,,0.4084507042253521,0.676923076923077,0.5384615384615384,0.6779661016949152,,0.8767123287671232,0.7818181818181819,0.5441176470588235,0.8813559322033898,,5507.981481481482,2470.3289473684213,6.970149253731344,5507,,5885.197183098591,3068.0923076923077,6.969230769230769,6007,,6095.890410958904,2125.8,6.882352941176471,6506.796610169492,
4100000,5925.1,3042.661616161616,4,5961.71144278607,,0.38,0.5202020202020202,0.5,0.6368159203980099,,0.05172413793103448,0.5409836065573771,0.5,0.5316455696202531,,0.28378378378378377,0.5135135135135135,0.484375,0.5833333333333334,,0.7647058823529411,0.5079365079365079,0.5161290322580645,0.8225806451612904,,5498.224137931034,2534.55737704918,6.905405405405405,5507,,5958.527027027027,3310.689189189189,6.921875,6007,,6261.588235294118,3228.5079365079364,6.838709677419355,6506.870967741936,
4150000,5940.025,2566.137931034483,4,6018.92039800995,,0.195,0.5911330049261084,0.495,0.6169154228855721,,0.014084507042253521,0.6376811594202898,0.46153846153846156,0.5373134328358209,,0.12307692307692308,0.6233766233766234,0.5737704918032787,0.47540983606557374,,0.46875,0.49122807017543857,0.45901639344262296,0.8082191780821918,,5513.929577464789,2002.0144927536232,6.923076923076923,5507,,5981.076923076923,2414.064935064935,6.868852459016393,6006.9672131147545,,6380.390625,3464.2280701754385,6.967213114754099,6506.835616438356,
4200000,6011.25,2806.752525252525,4,6036.984771573604,,0.15,0.5353535353535354,0.595,0.5685279187817259,,0,0.45454545454545453,0.5846153846153846,0.6,,0.03278688524590164,0.5970149253731343,0.5769230769230769,0.5,,0.37333333333333335,0.5394736842105263,0.6144578313253012,0.6027397260273972,,5514,3010.6181818181817,6.892307692307693,5506.966666666666,,6007.2786885245905,2688.2985074626868,6.865384615384615,6006.96875,,6446.8,2770.7894736842104,6.891566265060241,6506.86301369863,
4250000,5979.65,2712.9658536585366,4,6006.446078431372,,0.07,0.5365853658536586,0.555,0.5686274509803921,,0,0.5454545454545454,0.576271186440678,0.6197183098591549,,0.029411764705882353,0.4722222222222222,0.6212121212121212,0.5081967213114754,,0.1935483870967742,0.5970149253731343,0.48,0.5694444444444444,,5514,2509.878787878788,6.966101694915254,5507,,6013.85294117647,3174.472222222222,6.893939393939394,6006.950819672131,,6477.548387096775,2425.4328358208954,6.88,6506.902777777777,
4300000,5994.4,2755.919191919192,4,5978.869346733668,,0.02,0.5252525252525253,0.55,0.5879396984924623,,0,0.43478260869565216,0.515625,0.6323529411764706,,0,0.6451612903225806,0.546875,0.5753424657534246,,0.057971014492753624,0.5074626865671642,0.5833333333333334,0.5517241379310345,,5514,3119.4347826086955,6.921875,5507,,6014,2136.4193548387098,6.90625,6006.958904109589,,6509.36231884058,2963.0149253731342,6.902777777777778,6506.896551724138,
4350000,5930.825870646766,3264.6517412935323,4,6006.520202020202,,0.014925373134328358,0.4427860696517413,0.63,0.5454545454545454,,0,0.41379310344827586,0.603448275862069,0.4696969696969697,,0,0.41379310344827586,0.6166666666666667,0.5692307692307692,,0.05,0.4823529411764706,0.6585365853658537,0.5970149253731343,,5514,3234.9310344827586,6.844827586206897,5506.984848484848,,6014,3525.1206896551726,6.883333333333334,6006.969230769231,,6512.083333333333,3113.6,6.829268292682927,6506.820895522388,
4400000,6018.5,2962.808080808081,4,6065.571428571428,,0,0.494949494949495,0.55,0.5812807881773399,,0,0.546875,0.4,0.6551724137931034,,0,0.5633802816901409,0.5714285714285714,0.5806451612903226,,0,0.36507936507936506,0.6428571428571429,0.5301204819277109,,5514,2502.03125,6.95,5506.982758620689,,6014,2627.281690140845,6.875,6006.9838709677415,,6514,3817.5714285714284,6.845238095238095,6506.951807228916,
4450000,6038.918781725888,3152.6649484536083,4,5986.313131313132,,0,0.4639175257731959,0.57,0.51010101010101,,0,0.5423728813559322,0.5555555555555556,0.5857142857142857,,0,0.3939393939393939,0.47692307692307695,0.36923076923076925,,0,0.463768115942029,0.6666666666666666,0.5714285714285714,,5514,2526.864406779661,6.873015873015873,5506.971428571429,,6014,3644.3939393939395,6.907692307692308,6006.984615384616,,6514,3225.217391304348,6.833333333333333,6506.793650793651,
4500000,5959.019801980198,3309.0098522167486,4,5974,,0,0.43349753694581283,0.525,0.515,,0,0.4507042253521127,0.6119402985074627,0.4657534246575342,,0,0.36923076923076925,0.484375,0.4696969696969697,,0,0.47761194029850745,0.4782608695652174,0.6229508196721312,,5514,3031.6619718309857,6.895522388059701,5507,,6014,3792.5846153846155,6.875,6006.984848484848,,6514,3142.0597014925374,6.884057971014493,6506.88524590164,
4550000,6031,3588.502487562189,4,6011.420792079208,,0,0.38308457711442784,0.55,0.5544554455445545,,0,0.3684210526315789,0.5666666666666667,0.5151515151515151,,0,0.47368421052631576,0.48484848484848486,0.582089552238806,,0,0.3235294117647059,0.5945945945945946,0.5652173913043478,,5514,3484.8289473684213,6.916666666666667,5507,,6014,3165.59649122807,6.893939393939394,6006.940298507463,,6514,4066.970588235294,6.891891891891892,6506.884057971014,
4600000,6063.763819095478,3536.21608040201,4,6006.515151515152,,0,0.3969849246231156,0.51,0.4898989898989899,,0,0.39655172413793105,0.49230769230769234,0.5230769230769231,,0,0.40789473684210525,0.417910447761194,0.5373134328358209,,0,0.38461538461538464,0.6176470588235294,0.4090909090909091,,5514,3329.948275862069,6.892307692307693,5506.984615384616,,6014,3560.5394736842104,6.940298507462686,6006.940298507463,,6514,3700.276923076923,6.911764705882353,6506.893939393939,
4650000,6046,4152.851282051282,4,5996.49,,0,0.28717948717948716,0.56,0.525,,0,0.28169014084507044,0.4875,0.47619047619047616,,0,0.3125,0.5873015873015873,0.5584415584415584,,0,0.26666666666666666,0.631578947368421,0.5333333333333333,,5514,3962.549295774648,6.9125,5506.984126984127,,6014,4133.0625,6.904761904761905,6006.935064935065,,6514,4408.316666666667,6.9298245614035086,6506.85,
4700000,6013.5,4574.218905472637,4,5913.995,,0,0.21393034825870647,0.515,0.525,,0,0.1780821917808219,0.5555555555555556,0.5057471264367817,,0,0.23333333333333334,0.45454545454545453,0.5483870967741935,,0,0.23529411764705882,0.55,0.5294117647058824,,5514,4533.13698630137,6.888888888888889,5507,,6014,4608.333333333333,6.87012987012987,6006.9838709677415,,6514,4596.588235294118,6.8,6506.843137254902,
4750000,5998.623762376237,4320.431372549019,4,5951.756218905472,,0,0.25980392156862747,0.52,0.4975124378109453,,0,0.30666666666666664,0.5671641791044776,0.5294117647058824,,0,0.2857142857142857,0.5846153846153846,0.5384615384615384,,0,0.18181818181818182,0.4117647058823529,0.421875,,5514,3824.9333333333334,6.895522388059701,5507,,6014,4293.920634920635,6.815384615384615,6006.961538461538,,6514,4917.575757575758,6.955882352941177,6506.890625,
4800000,6041.150753768844,4443.280612244898,4,5976.212121212121,,0,0.23469387755102042,0.595,0.5909090909090909,,0,0.25609756097560976,0.5178571428571429,0.6376811594202898,,0,0.25,0.625,0.5774647887323944,,0,0.1935483870967742,0.625,0.5517241379310345,,5514,4103.487804878048,6.875,5507,,6014,4508.288461538462,6.925,6006.957746478874,,6514,4847.1612903225805,6.90625,6506.810344827586,
4850000,5995.848484848485,5044.56783919598,4,6021.412935323383,,0,0.1407035175879397,0.5,0.5223880597014925,,0,0.14545454545454545,0.4666666666666667,0.47540983606557374,,0,0.109375,0.5151515151515151,0.5555555555555556,,0,0.1625,0.5135135135135135,0.5294117647058824,,5514,4712.836363636364,6.866666666666666,5507,,6014,5352.453125,6.9393939393939394,6006.986111111111,,6514,5033.5,6.891891891891892,6506.955882352941,
4900000,6038.227722772277,5259.722222222223,4,6031.3432835820895,,0,0.10101010101010101,0.575,0.5174129353233831,,0,0.13846153846153847,0.5217391304347826,0.576271186440678,,0,0.04918032786885246,0.6031746031746031,0.4722222222222222,,0,0.1111111111111111,0.6029411764705882,0.5142857142857142,,5514,4751.3538461538465,6.927536231884058,5507,,6014,5713.770491803279,6.873015873015873,6006.930555555556,,6514,5342,6.955882352941177,6506.857142857143,
4950000,6045.825870646766,5629.179104477612,4,5976.49,,0,0.03980099502487562,0.5,0.525,,0,0.08196721311475409,0.5396825396825397,0.5428571428571428,,0,0,0.5072463768115942,0.5352112676056338,,0,0.041666666666666664,0.45588235294117646,0.4915254237288136,,5514,5062.524590163935,6.7936507936507935,5506.971428571429,,6014,6009,6.942028985507246,6007,,6514,5758.833333333333,6.911764705882353,6506.8983050847455,
5000000,6051.404040404041,5606.549504950495,4,6059.545454545455,,0,0.039603960396039604,0.575,0.4494949494949495,,0,0.05714285714285714,0.5974025974025974,0.4482758620689655,,0,0.05,0.5892857142857143,0.5,,0,0.013888888888888888,0.5373134328358209,0.4125,,5514,5199.257142857143,6.883116883116883,5506.982758620689,,6014,5708.85,6.892857142857143,6006.95,,6514,5925.611111111111,6.91044776119403,6506.875,
5050000,6030.704433497537,5734.494897959184,4,6001.512437810945,,0,0.02040816326530612,0.5,0.47761194029850745,,0,0.016666666666666666,0.5555555555555556,0.4927536231884058,,0,0.02857142857142857,0.45588235294117646,0.546875,,0,0.015151515151515152,0.4927536231884058,0.39705882352941174,,5514,5422.2,6.857142857142857,5507,,6014,5837.471428571429,6.9411764705882355,6006.921875,,6514,5918.030303030303,6.927536231884058,6506.941176470588,
5100000,5955.162436548223,5811.974874371859,4,5984.094527363184,,0,0,0.545,0.5024875621890548,,0,0,0.4931506849315068,0.44285714285714284,,0,0,0.639344262295082,0.463768115942029,,0,0,0.5151515151515151,0.6129032258064516,,5514,5514,6.876712328767123,5507,,6014,6008.980392156863,6.950819672131147,6006.942028985507,,6514,6009,6.833333333333333,6506.8387096774195,
5150000,6011,5747.65,4,5981.262626262626,,0,0.015,0.575,0.5151515151515151,,0,0,0.6363636363636364,0.4411764705882353,,0,0.046875,0.5277777777777778,0.5633802816901409,,0,0,0.5645161290322581,0.5423728813559322,,5514,5514,6.893939393939394,5507,,6014,5727.609375,6.958333333333333,6006.957746478874,,6514,6008.955882352941,6.935483870967742,6506.864406779661,
5200000,5993.587064676617,5823.756218905472,4,6001.487562189055,,0,0,0.55,0.572139303482587,,0,0,0.5882352941176471,0.5797101449275363,,0,0,0.5223880597014925,0.40625,,0,0,0.5384615384615384,0.7205882352941176,,5514,5514,6.852941176470588,5507,,6014,6008.984126984127,6.880597014925373,6006.953125,,6514,6009,6.969230769230769,6506.764705882353,
5250000,6003.462311557789,5871.673366834171,4,5994.049751243781,,0,0,0.48,0.5373134328358209,,0,0,0.41379310344827586,0.6056338028169014,,0,0,0.5285714285714286,0.4444444444444444,,0,0,0.4861111111111111,0.5522388059701493,,5514,5514,6.948275862068965,5507,,6014,6009,6.871428571428571,6006.936507936508,,6514,6008.986486486487,6.888888888888889,6506.910447761194,
5300000,5958.236180904522,5855.766169154229,4,5958.773869346734,,0,0,0.47,0.5527638190954773,,0,0,0.43333333333333335,0.47435897435897434,,0,0,0.4782608695652174,0.5573770491803278,,0,0,0.49295774647887325,0.65,,5514,5514,6.933333333333334,5507,,6014,6008.986842105263,6.869565217391305,6006.983606557377,,6514,6008.984375,6.887323943661972,6506.85,
5350000,6023.376237623763,5834.361809045226,4,5949.26368159204,,0,0,0.54,0.5472636815920398,,0,0,0.5522388059701493,0.6025641025641025,,0,0,0.5166666666666667,0.4925373134328358,,0,0,0.547945205479452,0.5357142857142857,,5514,5514,6.880597014925373,5507,,6014,6008.9838709677415,6.883333333333334,6006.940298507463,,6514,6009,6.931506849315069,6506.857142857143,
5400000,5955.723618090452,5825.32,4,5988.914572864322,,0,0,0.565,0.5477386934673367,,0,0,0.6031746031746031,0.5915492957746479,,0,0,0.5081967213114754,0.5396825396825397,,0,0,0.5789473684210527,0.5076923076923077,,5514,5514,6.873015873015873,5506.971830985915,,6014,6008.985074626866,6.885245901639344,6006.952380952381,,6514,6009,6.934210526315789,6506.907692307693,
5450000,5986,5877.285,4,6009,,0,0,0.495,0.54,,0,0,0.3958333333333333,0.5909090909090909,,0,0,0.5866666666666667,0.5,,0,0,0.4675324675324675,0.5294117647058824,,5514,5514,6.916666666666667,5507,,6014,6008.9857142857145,6.88,6006.969696969697,,6514,6008.974358974359,6.909090909090909,6506.882352941177,
5500000,6045.825870646766,5867.38,4,5978.86432160804,,0,0,0.56,0.6130653266331658,,0,0,0.5333333333333333,0.6216216216216216,,0,0,0.5,0.6229508196721312,,0,0,0.6610169491525424,0.59375,,5514,5514,6.88,5507,,6014,6008.972972972973,6.818181818181818,6006.901639344263,,6514,6008.971428571429,6.915254237288136,6506.84375,
5550000,6003.5,5826.223880597015,4,5984.094527363184,,0,0,0.535,0.5422885572139303,,0,0,0.53125,0.4857142857142857,,0,0,0.5512820512820513,0.4927536231884058,,0,0,0.5172413793103449,0.6612903225806451,,5514,5514,6.875,5507,,6014,6009,6.884615384615385,6006.985507246377,,6514,6009,6.948275862068965,6506.887096774193,
5600000,5938.5,5852.545,4,6003.995024875622,,0,0,0.55,0.5323383084577115,,0,0,0.5303030303030303,0.5161290322580645,,0,0,0.5342465753424658,0.5844155844155844,,0,0,0.5901639344262295,0.4838709677419355,,5514,5514,6.924242424242424,5506.9838709677415,,6014,6009,6.931506849315069,6006.948051948052,,6514,6008.986486486487,6.836065573770492,6506.870967741936,
5650000,5980.849246231156,5861.723618090452,4,5961.286432160804,,0,0,0.555,0.5226130653266332,,0,0,0.5625,0.5138888888888888,,0,0,0.5084745762711864,0.5416666666666666,,0,0,0.5901639344262295,0.509090909090909,,5514,5514,6.8375,5507,,6014,6008.987804878048,6.915254237288136,6006.972222222223,,6514,6009,6.836065573770492,6506.927272727273,
5700000,6028.587939698493,5831.114427860696,4,6054.246231155779,,0,0,0.61,0.49246231155778897,,0,0,0.625,0.4727272727272727,,0,0,0.684931506849315,0.5507246376811594,,0,0,0.4909090909090909,0.4533333333333333,,5514,5514,6.875,5507,,6014,6008.921875,6.863013698630137,6006.971014492754,,6514,6008.969696969697,6.909090909090909,6506.88,
5750000,6001.95,5835.215,4,5994.142857142857,,0.01,0,0.55,0.5221674876847291,,0,0,0.5316455696202531,0.5645161290322581,,0.014492753623188406,0,0.5882352941176471,0.5421686746987951,,0.015625,0,0.5283018867924528,0.4482758620689655,,5514,5514,6.8734177215189876,5506.9838709677415,,6013.927536231884,6008.983606557377,6.911764705882353,6006.963855421687,,6509.234375,6008.9857142857145,6.90566037735849,6506.8448275862065,
5800000,6029.482587064676,5869.86,4,6019.070351758794,,0.0845771144278607,0,0.605,0.5577889447236181,,0,0,0.6986301369863014,0.546875,,0.03076923076923077,0,0.6530612244897959,0.4461538461538462,,0.20270270270270271,0,0.48717948717948717,0.6714285714285714,,5514,5514,6.863013698630137,5507,,6004.615384615385,6009,6.8979591836734695,6006.969230769231,,6491.364864864865,6008.962025316456,6.935897435897436,6506.857142857143,
5850000,5986.149253731343,5849.788944723618,4,5953.489898989899,,0.0945273631840796,0.010050251256281407,0.54,0.6060606060606061,,0,0,0.5492957746478874,0.547945205479452,,0.014084507042253521,0.028169014084507043,0.5694444444444444,0.6527777777777778,,0.28125,0,0.49122807017543857,0.6226415094339622,,5514,5514,6.915492957746479,5507,,6012.521126760564,6003.394366197183,6.930555555555555,6006.944444444444,,6453.21875,6009,6.912280701754386,6506.962264150943,
5900000,5970.975,5773.87064676617,4,6013.9009900990095,,0.205,0.03980099502487562,0.605,0.5891089108910891,,0,0.014705882352941176,0.6428571428571429,0.5076923076923077,,0.12903225806451613,0.08450704225352113,0.6229508196721312,0.6323529411764706,,0.4520547945205479,0.016129032258064516,0.5507246376811594,0.6231884057971014,,5514,5433,6.914285714285715,5506.984615384616,,5979.4838709677415,5904.802816901409,6.770491803278689,6007,,6378.835616438356,6007.403225806452,6.826086956521739,6506.869565217391,
5950000,5971.099502487562,5673.75,4,5978.874371859297,,0.31840796019900497,0.145,0.58,0.6331658291457286,,0,0.05970149253731343,0.6507936507936508,0.4788732394366197,,0.14492753623188406,0.13636363636363635,0.56,0.582089552238806,,0.6923076923076923,0.23880597014925373,0.532258064516129,0.8688524590163934,,5514,5349.462686567164,6.888888888888889,5506.985915492958,,5977.04347826087,5984.878787878788,6.906666666666666,6006.985074626866,,6290,5700.074626865671,6.919354838709677,6506.918032786885,
6000000,5879.55,5568.731343283582,4,6023.797029702971,,0.49,0.35323383084577115,0.61,0.6831683168316832,,0.10344827586206896,0.1323529411764706,0.5384615384615384,0.43103448275862066,,0.4098360655737705,0.47619047619047616,0.6666666666666666,0.6794871794871795,,0.8271604938271605,0.45714285714285713,0.625,0.9090909090909091,,5497.9655172413795,5422.235294117647,6.892307692307693,5507,,5929.9672131147545,5569.587301587301,6.920634920634921,6006.961538461538,,6122.16049382716,5717.914285714286,6.902777777777778,6506.833333333333,
6050000,5679.115577889447,5191.559405940594,4,5978.742424242424,,0.6482412060301508,0.5099009900990099,0.575,0.8080808080808081,,0.2597402597402597,0.2608695652173913,0.5714285714285714,0.6666666666666666,,0.82,0.6271186440677966,0.6557377049180327,0.8275862068965517,,0.9444444444444444,0.6486486486486487,0.5072463768115942,0.9538461538461539,,5451.662337662337,4931.420289855072,6.857142857142857,5507,,5757.84,5567.169491525424,6.885245901639344,6006.931034482759,,5875.902777777777,5141.675675675676,6.840579710144928,6506.830769230769,
6100000,5541.572139303483,4562.0990099009905,4,6011.537688442211,,0.7512437810945274,0.6683168316831684,0.57,0.8944723618090452,,0.4084507042253521,0.43243243243243246,0.5142857142857142,0.7272727272727273,,0.8769230769230769,0.7794117647058824,0.6571428571428571,0.953125,,1,0.8333333333333334,0.5333333333333333,1,,5411.943661971831,4331.810810810811,6.914285714285715,5507,,5586.538461538462,4928.426470588235,6.914285714285715,6006.953125,,5647.446153846154,4439.166666666667,6.883333333333334,6506.869565217391,
6150000,5304.495,4169.480392156863,4,6016.5,,0.9,0.8431372549019608,0.56,0.94,,0.75,0.7014925373134329,0.5373134328358209,0.8548387096774194,,0.9838709677419355,0.9090909090909091,0.5230769230769231,0.9577464788732394,,0.9848484848484849,0.9154929577464789,0.6176470588235294,1,,5235.180555555556,4216.432835820896,6.880597014925373,5506.9838709677415,,5355.822580645161,4151.575757575758,6.892307692307693,6006.957746478874,,5340.818181818182,4148.56338028169,6.882352941176471,6506.79104477612,
6200000,5180.477611940299,3574.5273631840796,4,6046.069306930693,,0.9303482587064676,0.9502487562189055,0.545,0.9455445544554455,,0.8428571428571429,0.8857142857142857,0.5384615384615384,0.8360655737704918,,0.9577464788732394,0.984375,0.515625,0.9841269841269841,,1,0.9850746268656716,0.5774647887323944,1,,5191.214285714285,3608.114285714286,6.923076923076923,5506.983606557377,,5223.239436619719,3888.90625,6.9375,6006.9682539682535,,5127.266666666666,3246.0298507462685,6.873239436619718,6506.807692307692,
6250000,4909.044554455446,3476.4949494949497,4,6016.5,,0.9851485148514851,0.98989898989899,0.505,0.97,,0.9558823529411765,0.9722222222222222,0.55,0.9130434782608695,,1,1,0.5217391304347826,1,,1,1,0.4507042253521127,1,,4884.117647058823,3605.25,6.866666666666666,5506.971014492754,,4889.257575757576,3367.5,6.898550724637682,6006.982456140351,,4961.867647058823,3455.589285714286,6.915492957746479,6506.77027027027,
6300000,4757.26368159204,2799.9166666666665,4,6021.495,,0.9950248756218906,1,0.515,0.99,,0.984375,1,0.48214285714285715,0.9682539682539683,,1,1,0.42028985507246375,1,,1,1,0.6266666666666667,1,,4765.234375,2992.75,6.821428571428571,5506.984126984127,,4732.746031746032,2532.4556962025317,6.884057971014493,6006.910447761194,,4779.175675675676,2956.782608695652,6.866666666666666,6506.814285714286,
6350000,4536.348258706467,2169.632850241546,4,5981.386934673367,,1,1,0.525,0.9949748743718593,,1,1,0.5384615384615384,0.9857142857142858,,1,1,0.5846153846153846,1,,1,1,0.45714285714285713,1,,4539.11320754717,2234.7916666666665,6.846153846153846,5507,,4456.555555555556,2060.6190476190477,6.892307692307693,6006.89705882353,,4600.670588235294,2207.0416666666665,6.957142857142857,6506.7213114754095,
6400000,4248.495,1828.2205128205128,4,5994,,1,1,0.475,1,,1,1,0.46774193548387094,1,,1,1,0.42424242424242425,1,,1,1,0.5277777777777778,1,,4288.170731707317,2196.728813559322,6.887096774193548,5506.973684210527,,4253.380952380952,1811.159420289855,6.954545454545454,6006.9807692307695,,4194.345454545454,1528.7910447761194,6.944444444444445,6506.819444444444,
6450000,4123.321782178218,2248.14,4,6018.910447761194,,1,1,0.51,1,,1,1,0.390625,1,,1,1,0.5757575757575758,1,,1,1,0.5571428571428572,1,,4107.439393939394,2300.6290322580644,6.9375,5506.9701492537315,,4147.287671232877,2432.7611940298507,6.863636363636363,6006.868852459016,,4121.571428571428,2035.056338028169,6.857142857142857,6506.835616438356,
6500000,3929,1784.305,4,6066.814070351758,,1,1,0.52,1,,1,1,0.559322033898305,1,,1,1,0.5135135135135135,1,,1,1,0.4925373134328358,1,,3898.6323529411766,1737.918918918919,6.915254237288136,5506.958333333333,,3956.782608695652,1734.4153846153847,6.851351351351352,6006.974358974359,,3940.714285714286,1901.9016393442623,6.940298507462686,6506.7945205479455,
6550000,3780.129353233831,1687.0882352941176,4,6033.8407960199,,1,1,0.61,1,,1,1,0.5074626865671642,1,,1,1,0.6714285714285714,1,,1,1,0.6507936507936508,1,,3716.75,1619.5070422535211,6.865671641791045,5506.9838709677415,,3808.9310344827586,1744.377049180328,6.857142857142857,6006.923076923077,,3822.94,1712.4166666666667,6.888888888888889,6506.851351351352,
6600000,3607.9850746268658,1755.1472081218274,4,5961.286432160804,,1,1,0.535,1,,1,1,0.44776119402985076,1,,1,1,0.6307692307692307,1,,1,1,0.5294117647058824,1,,3603.0196078431372,1756.8548387096773,6.91044776119403,5506.987012987013,,3613.2285714285713,1938.34375,6.876923076923077,6006.935483870968,,3613.95,1595.5915492957747,6.882352941176471,6506.866666666667,
6650000,3458.763819095477,1763.18407960199,4,5969.164179104478,,1,1,0.53,1,,1,1,0.527027027027027,1,,1,1,0.5294117647058824,1,,1,1,0.5344827586206896,1,,3519.310344827586,1402.044776119403,6.878378378378378,5506.972222222223,,3433.90625,2193.7727272727275,6.911764705882353,6006.957746478874,,3441.4155844155844,1708.4264705882354,6.896551724137931,6506.758620689655,
6700000,3363,1608.8009708737864,4,6021.495,,1,1,0.55,1,,1,1,0.5625,1,,1,1,0.5625,1,,1,1,0.5277777777777778,1,,3302.3934426229507,1738.4925373134329,6.875,5507,,3394.8117647058825,1739.8032786885246,6.875,6006.9701492537315,,3392.314814814815,1401.6153846153845,6.888888888888889,6506.828571428571,
6750000,3193.6237623762377,1560.246153846154,4,6041.683417085427,,1,1,0.53,1,,1,1,0.5396825396825397,1,,1,1,0.5428571428571428,1,,1,1,0.5074626865671642,1,,3124.8840579710145,1816.4444444444443,6.888888888888889,5506.964912280701,,3152.848484848485,1367.13698630137,6.8428571428571425,6006.9857142857145,,3313.417910447761,1533.8135593220338,6.925373134328358,6506.763888888889,
6800000,3140,1610.9405940594058,4,6003.984924623115,,1,1,0.525,1,,1,1,0.49206349206349204,1,,1,1,0.5230769230769231,1,,1,1,0.5555555555555556,1,,3118.764705882353,1700.0281690140846,6.968253968253968,5506.984848484848,,3127.5733333333333,1664.875,6.8307692307692305,6006.910447761194,,3175.175675675676,1472.5820895522388,6.875,6506.666666666667,
6850000,3066.8040201005024,1522.0753768844222,4,6026.277227722772,,1,1,0.46,1,,1,1,0.5142857142857142,1,,1,1,0.373134328358209,1,,1,1,0.49206349206349204,1,,3151.9827586206898,1413.2459016393443,6.914285714285715,5507,,2999.2903225806454,1768.7857142857142,6.91044776119403,6006.920634920635,,3064.6582278481014,1372.9705882352941,6.9523809523809526,6506.7972972972975,
6900000,3039.8258706467664,1367.325,4,6014.045226130654,,1,1,0.5,1,,1,1,0.5694444444444444,1,,1,1,0.4507042253521127,1,,1,1,0.47368421052631576,1,,3028.590163934426,1457.7866666666666,6.875,5506.985074626866,,3048.96,1335.2972972972973,6.859154929577465,6006.983606557377,,3048.9692307692308,1290.5686274509803,6.87719298245614,6506.774647887324,
6950000,3019.92039800995,1563.7939698492462,4,6016.5,,1,1,0.57,1,,1,1,0.6557377049180327,1,,1,1,0.5507246376811594,1,,1,1,0.5142857142857142,1,,3026.0526315789475,1290.9857142857143,6.836065573770492,5506.983606557377,,3050.3571428571427,1981.0588235294117,6.898550724637682,6006.945205479452,,2983.4545454545455,1419.9180327868853,6.942857142857143,6506.772727272727,
7000000,2947.708542713568,1591.175,4,5971.495,,1,1,0.555,1,,1,1,0.5853658536585366,1,,1,1,0.4716981132075472,1,,1,1,0.5846153846153846,1,,2949.1944444444443,1497.8939393939395,6.865853658536586,5507,,2917,1426.8,6.943396226415095,6006.917808219178,,2984.369230769231,1842.3188405797102,6.815384615384615,6506.789473684211,
7050000,2946.1959798994976,1255.482233502538,4,6026.388059701492,,1,1,0.5,1,,1,1,0.6027397260273972,1,,1,1,0.417910447761194,1,,1,1,0.4666666666666667,1,,2903.9666666666667,1532.4285714285713,6.890410958904109,5507,,2933.9333333333334,1184.6323529411766,6.895522388059701,6006.970588235294,,2995.0379746835442,1071.621212121212,6.9,6506.788732394366,
7100000,2996.6354679802957,1345.8960396039604,4,5996.5,,1,1,0.57,1,,1,1,0.5901639344262295,1,,1,1,0.6231884057971014,1,,1,1,0.5,1,,3007.311475409836,1489.0645161290322,6.819672131147541,5506.9857142857145,,3002.5873015873017,1206.9418604651162,6.840579710144928,6006.9682539682535,,2991.1772151898736,1412.2962962962963,6.885714285714286,6506.835820895522,
7150000,2974.8442211055276,1502.4427860696517,4,5999,,1,1,0.52,1,,1,1,0.5128205128205128,1,,1,1,0.5166666666666667,1,,1,1,0.532258064516129,1,,3058.86,1399.2424242424242,6.923076923076923,5507,,2932.6710526315787,1560.1129032258063,6.966666666666667,6006.970588235294,,2969.219178082192,1553.6164383561643,6.870967741935484,6506.784615384616,
7200000,3093.5,1452.641791044776,4,5986.49,,1,1,0.58,1,,1,1,0.5657894736842105,1,,1,1,0.6166666666666667,1,,1,1,0.5625,1,,3083.934210526316,1160.8428571428572,6.881578947368421,5506.984375,,3126.3809523809523,1610.0144927536232,6.883333333333334,6006.93670886076,,3081.0819672131147,1615.016129032258,6.875,6506.736842105263,
7250000,3095.4472361809044,1433.1741293532339,4,6006.51256281407,,1,1,0.48,1,,1,1,0.43283582089552236,1,,1,1,0.5303030303030303,1,,1,1,0.47761194029850745,1,,3047.561403508772,1557.7534246575342,6.895522388059701,5506.971830985915,,3116.1,1359.1967213114754,6.878787878787879,6006.928571428572,,3121.4444444444443,1372.3731343283582,6.865671641791045,6506.888888888889,
7300000,3219.5,1511.8838383838383,4,6043.995,,1,1,0.585,1,,1,1,0.5081967213114754,1,,1,1,0.5846153846153846,1,,1,1,0.6486486486486487,1,,3285.75,1783.313432835821,6.868852459016393,5507,,3239.4444444444443,1414.1969696969697,6.907692307692308,6006.984375,,3156.1666666666665,1338.923076923077,6.891891891891892,6506.868421052632,
7350000,3355.246231155779,1555.8217821782177,4,5964,,1,1,0.535,1,,1,1,0.6031746031746031,1,,1,1,0.5119047619047619,1,,1,1,0.49056603773584906,1,,3292.318181818182,1830.030303030303,6.857142857142857,5506.985507246377,,3396.239436619718,1562.6962025316457,6.904761904761905,6006.961538461538,,3384.6612903225805,1237.859649122807,6.867924528301887,6506.773584905661,
7400000,3442.180904522613,1600.2131979695432,4,6054.24120603015,,1,1,0.525,1,,1,1,0.6101694915254238,1,,1,1,0.42028985507246375,1,,1,1,0.5555555555555556,1,,3435.3611111111113,1878.7543859649122,6.88135593220339,5506.961538461538,,3481.391304347826,1356.0958904109589,6.927536231884058,6006.933333333333,,3414.1206896551726,1636.686567164179,6.902777777777778,6506.861111111111,
7450000,3632.7676767676767,1640.1818181818182,4,6001.507462686567,,1,1,0.51,1,,1,1,0.34615384615384615,1,,1,1,0.5692307692307692,1,,1,1,0.5662650602409639,1,,3607.271186440678,1541.6133333333332,7,5506.984848484848,,3654.6714285714284,1958.648148148148,6.861538461538461,6006.942857142857,,3640.8260869565215,1505.304347826087,6.903614457831325,6506.830769230769,
7500000,3738.1782178217823,1629.9646464646464,4,6001.495,,1,1,0.525,1,,1,1,0.5625,1,,1,1,0.5,1,,1,1,0.5128205128205128,1,,3719.1911764705883,1460.2173913043478,6.890625,5506.9701492537315,,3856.7391304347825,1908.5,6.896551724137931,6006.955223880597,,3641.2615384615383,1564.695652173913,6.923076923076923,6506.878787878788,
7550000,3894.3838383838383,1756.9901477832511,4,6006.485,,1,1,0.56,1,,1,1,0.5068493150684932,1,,1,1,0.5818181818181818,1,,1,1,0.5972222222222222,1,,3890.7272727272725,1722.517857142857,6.863013698630137,5506.9701492537315,,3867.876712328767,2050.6376811594205,6.890909090909091,6006.9384615384615,,3941.135593220339,1528.6538461538462,6.861111111111111,6506.764705882353,
7600000,4085,2068.321608040201,4,5996.424242424242,,1,1,0.61,1,,1,1,0.6060606060606061,1,,1,1,0.5757575757575758,1,,1,1,0.6470588235294118,1,,4064.527777777778,2156.3076923076924,6.954545454545454,5507,,4139.257575757576,2006.9253731343283,6.803030303030303,6006.971014492754,,4060.516129032258,2051.7462686567164,6.911764705882353,6506.857142857143,
7650000,4235.292929292929,1974.7475728155339,4,5996.537313432836,,1,1,0.525,1,,1,1,0.4583333333333333,1,,1,1,0.547945205479452,1,,1,1,0.5818181818181818,1,,4238.306666666666,2078.7567567567567,6.916666666666667,5507,,4213.68253968254,2087.3709677419356,6.863013698630137,6006.9375,,4263.95,1772.4142857142858,6.872727272727273,6506.895522388059,
7700000,4495.995,1970.8645833333333,4,6033.845771144279,,1,1,0.55,1,,1,1,0.5507246376811594,1,,1,1,0.5394736842105263,1,,1,1,0.5636363636363636,1,,4483.955882352941,1641.3166666666666,6.869565217391305,5507,,4447.415384615385,2105.871794871795,6.894736842105263,6006.943661971831,,4564.119402985075,2151,6.8545454545454545,6506.859154929577,
7750000,4664.545,2480.7463414634144,4,5946.49,,0.99,0.9951219512195122,0.55,0.995,,0.9696969696969697,0.9850746268656716,0.515625,0.9875,,1,1,0.5079365079365079,1,,1,1,0.6164383561643836,1,,4696.954545454545,2831.2985074626868,6.890625,5506.975,,4691.014925373134,2298.1176470588234,6.936507936507937,6006.936507936508,,4614.910447761194,2329.942857142857,6.876712328767123,6506.736842105263,
7800000,4890.414141414141,2421.285714285714,4,5998.995,,0.9848484848484849,0.9948979591836735,0.515,0.995,,0.9516129032258065,0.9824561403508771,0.5428571428571428,0.9855072463768116,,1,1,0.45901639344262296,1,,1,1,0.5362318840579711,1,,4912.419354838709,2383.9298245614036,6.928571428571429,5506.971014492754,,4884.758620689655,2300.6153846153848,6.901639344262295,6006.921875,,4884.525641025641,2562.5945945945946,6.869565217391305,6506.761194029851,
7850000,5101.226130653266,2458.7055837563453,4,5984,,0.949748743718593,0.9949238578680203,0.49,0.985,,0.8571428571428571,0.984375,0.5142857142857142,0.9705882352941176,,1,1,0.532258064516129,0.9861111111111112,,1,1,0.4264705882352941,1,,5103.957142857143,2530.46875,6.885714285714286,5506.985294117647,,5100.737704918033,2605.27868852459,6.854838709677419,6006.930555555556,,5107.5,2277.5833333333335,6.867647058823529,6506.783333333334,
7900000,5317.231155778894,2556.790243902439,4,5984.094527363184,,0.864321608040201,0.9317073170731708,0.585,0.9253731343283582,,0.6333333333333333,0.8441558441558441,0.5571428571428572,0.8356164383561644,,0.9295774647887324,0.96875,0.6307692307692307,0.9523809523809523,,1,1,0.5692307692307692,1,,5269.166666666667,2393.285714285714,6.885714285714286,5507,,5343.12676056338,2580.15625,6.846153846153846,6006.952380952381,,5341.264705882353,2738.234375,6.846153846153846,6506.8,
7950000,5510.170854271357,2686.461139896373,4,5996.462311557789,,0.7688442211055276,0.844559585492228,0.56,0.8391959798994975,,0.4507042253521127,0.7402597402597403,0.5797101449275363,0.6875,,0.8970588235294118,0.95,0.5384615384615384,0.8378378378378378,,1,0.875,0.5606060606060606,1,,5372.30985915493,2783.4935064935066,6.913043478260869,5507,,5535.911764705882,2241.35,6.938461538461539,6006.959459459459,,5653.95,3038.9464285714284,6.833333333333333,6506.836065573771,
8000000,5648.375,2912.0485436893205,4,6031.3432835820895,,0.625,0.7184466019417476,0.525,0.8059701492537313,,0.2,0.6075949367088608,0.5142857142857142,0.6417910447761194,,0.6779661016949152,0.7777777777777778,0.576271186440678,0.7857142857142857,,1,0.8,0.49295774647887325,0.9615384615384616,,5468.714285714285,2640.1898734177216,6.9,5506.985074626866,,5759.745762711865,3127.75,6.88135593220339,6006.964285714285,,5741.338028169014,3029.981818181818,6.957746478873239,6506.846153846154,
8050000,5757.15,2603.752525252525,4,6021.495,,0.47,0.6616161616161617,0.505,0.79,,0.11267605633802817,0.6176470588235294,0.5324675324675324,0.7142857142857143,,0.4305555555555556,0.7096774193548387,0.49056603773584906,0.6865671641791045,,0.9649122807017544,0.6617647058823529,0.4857142857142857,0.9571428571428572,,5507.802816901409,2427.264705882353,6.922077922077922,5507,,5888.222222222223,2444.7741935483873,6.90566037735849,6006.940298507463,,5912.666666666667,2933.014705882353,6.957142857142857,6506.785714285715,
8100000,5884.675,2651.025125628141,4,5966.301507537689,,0.365,0.6180904522613065,0.52,0.6381909547738693,,0.015625,0.5714285714285714,0.5614035087719298,0.4657534246575342,,0.2753623188405797,0.6944444444444444,0.45161290322580644,0.6176470588235294,,0.7910447761194029,0.5789473684210527,0.5432098765432098,0.8793103448275862,,5513.921875,2366.9,6.894736842105263,5506.986301369863,,5961.898550724638,2628.6388888888887,6.935483870967742,6006.911764705882,,6168.253731343284,3037.6666666666665,6.864197530864198,6506.793103448276,
8150000,5995.045226130654,3045.9356435643563,4,6018.925373134329,,0.27638190954773867,0.5099009900990099,0.525,0.6169154228855721,,0,0.5714285714285714,0.5294117647058824,0.578125,,0.17391304347826086,0.47058823529411764,0.4533333333333333,0.47761194029850745,,0.5512820512820513,0.484375,0.6140350877192983,0.7857142857142857,,5514,2366.7428571428572,6.897058823529412,5507,,5987.028985507246,3615.426470588235,6.96,6006.985074626866,,6330.461538461538,3192.203125,6.894736842105263,6506.857142857143,
8200000,6032.35,3155.484693877551,4,5978.975,,0.13,0.4846938775510204,0.505,0.55,,0,0.5,0.4931506849315068,0.5675675675675675,,0,0.5079365079365079,0.5555555555555556,0.5,,0.3466666666666667,0.4461538461538462,0.46875,0.578125,,5514,2841.1323529411766,6.876712328767123,5506.986486486487,,6014,3052.15873015873,6.873015873015873,6006.903225806452,,6437.586666666667,3592.6615384615384,6.9375,6506.84375,
8250000,5991.050505050505,2966.353233830846,4,6033.850746268657,,0.050505050505050504,0.48756218905472637,0.53,0.5373134328358209,,0,0.4025974025974026,0.5735294117647058,0.5666666666666667,,0.014084507042253521,0.4489795918367347,0.5428571428571428,0.5072463768115942,,0.14754098360655737,0.6,0.46774193548387094,0.5416666666666666,,5514,3296.6623376623374,6.867647058823529,5507,,6011.112676056338,3313.9591836734694,6.914285714285715,6006.971014492754,,6493.5901639344265,2407.4666666666667,6.903225806451613,6506.916666666667,
8300000,6002.915422885572,3050.2512315270938,4,5991.47,,0.024875621890547265,0.47783251231527096,0.45,0.565,,0,0.49295774647887325,0.359375,0.6142857142857143,,0,0.5714285714285714,0.4507042253521127,0.4153846153846154,,0.078125,0.37681159420289856,0.5384615384615384,0.6615384615384615,,5514,2798.957746478873,6.96875,5506.9857142857145,,6014,2578.968253968254,6.915492957746479,6006.9384615384615,,6504.234375,3747.086956521739,6.969230769230769,6506.815384615385,
8350000,5998.660098522168,3038.7258883248733,4,6011.61421319797,,0.0049261083743842365,0.48223350253807107,0.53,0.5126903553299492,,0,0.5396825396825397,0.5846153846153846,0.4576271186440678,,0,0.4307692307692308,0.5079365079365079,0.5526315789473685,,0.015384615384615385,0.4782608695652174,0.5,0.5161290322580645,,5514,2541.6666666666665,6.861538461538461,5506.983050847458,,6014,3423.2923076923075,6.888888888888889,6006.960526315789,,6513.923076923077,3138.1739130434785,6.958333333333333,6506.903225806452,
8400000,6003.38578680203,3030.65,4,6033.693069306931,,0,0.485,0.57,0.4603960396039604,,0,0.543859649122807,0.582089552238806,0.4393939393939394,,0,0.4444444444444444,0.5466666666666666,0.41379310344827586,,0,0.4838709677419355,0.5862068965517241,0.5128205128205128,,5514,2518.6315789473683,6.955223880597015,5506.984848484848,,6014,3341.2345679012346,6.88,6006.931034482759,,6514,3104.467741935484,6.879310344827586,6506.820512820513,
8450000,6023.437810945274,3165.122549019608,4,6024.095477386934,,0,0.46078431372549017,0.475,0.5125628140703518,,0,0.46551724137931033,0.4603174603174603,0.5555555555555556,,0,0.3835616438356164,0.4714285714285714,0.5538461538461539,,0,0.5342465753424658,0.4925373134328358,0.43661971830985913,,5514,2950.0344827586205,6.920634920634921,5507,,6014,3706.698630136986,6.914285714285715,6006.953846153846,,6514,2802.123287671233,6.925373134328358,6506.87323943662,
8500000,5966.223880597015,3229.1589743589743,4,6008.9701492537315,,0,0.4461538461538462,0.505,0.5373134328358209,,0,0.4090909090909091,0.49295774647887325,0.5522388059701493,,0,0.4714285714285714,0.53125,0.49230769230769234,,0,0.4576271186440678,0.49230769230769234,0.5652173913043478,,5514,3260.878787878788,6.816901408450704,5507,,6014,3179.2,6.859375,6006.969230769231,,6514,3262.0338983050847,6.892307692307693,6506.869565217391,
8550000,6013.5,3607.1428571428573,4,5963.788944723618,,0,0.3842364532019704,0.515,0.5678391959798995,,0,0.3448275862068966,0.48333333333333334,0.5866666666666667,,0,0.4266666666666667,0.5342465753424658,0.5846153846153846,,0,0.37142857142857144,0.5223880597014925,0.5254237288135594,,5514,3614.844827586207,6.9,5507,,6014,3447.84,6.890410958904109,6006.9384615384615,,6514,3779.4142857142856,6.880597014925373,6506.813559322034,
8600000,6018.575757575758,3526.4871794871797,4,6013.940298507463,,0,0.4,0.51,0.4975124378109453,,0,0.48333333333333334,0.5641025641025641,0.45901639344262296,,0,0.36065573770491804,0.6,0.4666666666666667,,0,0.36486486486486486,0.4025974025974026,0.5692307692307692,,5514,2851.883333333333,6.858974358974359,5507,,6014,3844.098360655738,6.866666666666666,6006.973333333333,,6514,3818.891891891892,6.909090909090909,6506.861538461539,
8650000,5981.149253731343,3741.31,4,6026.608040201005,,0,0.36,0.56,0.5326633165829145,,0,0.4246575342465753,0.5714285714285714,0.546875,,0,0.2857142857142857,0.5675675675675675,0.5645161290322581,,0,0.352112676056338,0.5396825396825397,0.4931506849315068,,5514,3175.082191780822,6.873015873015873,5507,,6014,4293.982142857143,6.891891891891892,6006.9838709677415,,6514,3895.4084507042253,6.825396825396825,6506.890410958904,
8700000,6066,4260.386934673367,4,6051.5,,0,0.271356783919598,0.54,0.585,,0,0.29850746268656714,0.5,0.5789473684210527,,0,0.22950819672131148,0.6071428571428571,0.6417910447761194,,0,0.28169014084507044,0.5277777777777778,0.5394736842105263,,5514,3869.865671641791,6.902777777777778,5507,,6014,4631.311475409836,6.857142857142857,6007,,6514,4318.070422535211,6.875,6506.8421052631575,
8750000,5996.074626865671,4456.9303482587065,4,5971.326633165829,,0,0.23880597014925373,0.525,0.5628140703517588,,0,0.21666666666666667,0.5428571428571428,0.4931506849315068,,0,0.2835820895522388,0.4716981132075472,0.6212121212121212,,0,0.21621621621621623,0.5454545454545454,0.5833333333333334,,5514,4320.65,6.885714285714286,5506.986301369863,,6014,4306.731343283582,6.867924528301887,6006.924242424242,,6514,4711.108108108108,6.8311688311688314,6506.8,
8800000,6064.030303030303,4638.7360406091375,4,6058.721393034826,,0,0.20812182741116753,0.555,0.5671641791044776,,0,0.265625,0.6060606060606061,0.5714285714285714,,0,0.2,0.543859649122807,0.5522388059701493,,0,0.1509433962264151,0.5194805194805194,0.5769230769230769,,5514,4050.96875,6.848484848484849,5507,,6014,4808.4375,6.947368421052632,6006.9701492537315,,6514,5102.943396226415,6.8441558441558445,6506.884615384615,
8850000,5993.587064676617,4883.819095477387,4,5973.995,,0,0.1658291457286432,0.545,0.52,,0,0.19047619047619047,0.6811594202898551,0.5068493150684932,,0,0.16666666666666666,0.4520547945205479,0.45454545454545453,,0,0.14285714285714285,0.5,0.6065573770491803,,5514,4464.888888888889,6.884057971014493,5507,,6014,5008.545454545455,6.904109589041096,6006.969696969697,,6514,5151.442857142857,6.913793103448276,6506.934426229508,
8900000,6026.151515151515,5339.796954314721,4,6008.995,,0,0.08629441624365482,0.575,0.575,,0,0.10606060606060606,0.582089552238806,0.5333333333333333,,0,0.08823529411764706,0.5277777777777778,0.6666666666666666,,0,0.06349206349206349,0.6229508196721312,0.5,,5514,4929.833333333333,6.925373134328358,5507,,6014,5479.338235294118,6.847222222222222,6006.923076923077,,6514,5627.841269841269,6.885245901639344,6506.919354838709,
8950000,6015.901960784314,5318.26368159204,4,6021.398009950249,,0,0.08955223880597014,0.515,0.5174129353233831,,0,0.12857142857142856,0.5294117647058824,0.4925373134328358,,0,0.06153846153846154,0.4745762711864407,0.5666666666666667,,0,0.07575757575757576,0.5342465753424658,0.5,,5514,4805.857142857143,6.911764705882353,5507,,6014,5639.584615384615,6.898305084745763,6006.95,,6514,5554.227272727273,6.863013698630137,6506.9324324324325,
9000000,6016.102040816327,5605.940594059406,4,5986.49,,0,0.04950495049504951,0.53,0.545,,0,0.08695652173913043,0.5316455696202531,0.5970149253731343,,0,0.053763440860215055,0.5344827586206896,0.5068493150684932,,0,0.015873015873015872,0.5238095238095238,0.5333333333333333,,5514,5035.04347826087,6.8734177215189876,5506.9701492537315,,6014,5686.236559139785,6.913793103448276,6006.958904109589,,6514,5913.714285714285,6.857142857142857,6506.833333333333,
9050000,6023.376237623763,5707.923857868021,4,6016.621212121212,,0,0.025380710659898477,0.525,0.5454545454545454,,0,0.01694915254237288,0.4605263157894737,0.5652173913043478,,0,0.046153846153846156,0.5483870967741935,0.5454545454545454,,0,0.0136986301369863,0.5806451612903226,0.527027027027027,,5514,5420.64406779661,6.921052631578948,5507,,6014,5731.9384615384615,6.887096774193548,6006.945454545455,,6514,5926.753424657534,6.919354838709677,6506.918918918919,
9100000,6046.353535353535,5781.502512562814,4,6036.163366336634,,0,0.010050251256281407,0.59,0.5198019801980198,,0,0.014925373134328358,0.6290322580645161,0.43548387096774194,,0,0.014705882352941176,0.6805555555555556,0.49230769230769234,,0,0,0.45454545454545453,0.6133333333333333,,5514,5431.79104477612,6.854838709677419,5507,,6014,5920.720588235294,6.875,6006.969230769231,,6514,6008.984375,6.924242424242424,6506.866666666667,
9150000,6051,5782.63,4,6029.125628140703,,0,0.01,0.54,0.6331658291457286,,0,0.014925373134328358,0.47297297297297297,0.6101694915254238,,0,0,0.582089552238806,0.6197183098591549,,0,0.016666666666666666,0.576271186440678,0.6666666666666666,,5514,5431.79104477612,6.891891891891892,5507,,6014,6009,6.880597014925373,6006.957746478874,,6514,5908.966666666666,6.932203389830509,6506.826086956522,
9200000,6047.945812807881,5847.595,4,5968.814070351758,,0,0,0.535,0.5778894472361809,,0,0,0.5974025974025974,0.48484848484848486,,0,0,0.603448275862069,0.6666666666666666,,0,0,0.4,0.5576923076923077,,5514,5514,6.857142857142857,5506.984848484848,,6014,6009,6.844827586206897,6006.950617283951,,6514,6008.985915492958,6.923076923076923,6506.865384615385,
9250000,6028.587939698493,5850.845771144279,4,6026.495,,0,0,0.63,0.545,,0,0,0.6557377049180327,0.5344827586206896,,0,0,0.5915492957746479,0.5733333333333334,,0,0,0.6470588235294118,0.5223880597014925,,5514,5514,6.934426229508197,5507,,6014,6009,6.971830985915493,6006.973333333333,,6514,6008.9857142857145,6.926470588235294,6506.865671641791,
9300000,6051,5857.495,4,6038.653465346535,,0,0,0.56,0.5346534653465347,,0,0,0.5967741935483871,0.4827586206896552,,0,0,0.5416666666666666,0.5694444444444444,,0,0,0.5454545454545454,0.5416666666666666,,5514,5514,6.919354838709677,5507,,6014,6009,6.930555555555555,6006.958333333333,,6514,6008.986666666667,6.96969696969697,6506.875,
9350000,6013.525252525253,5850.06,4,5981.267676767677,,0,0,0.53,0.51010101010101,,0,0,0.5522388059701493,0.4647887323943662,,0,0,0.48,0.5384615384615384,,0,0,0.5689655172413793,0.532258064516129,,5514,5514,6.895522388059701,5506.971830985915,,6014,6008.9701492537315,6.92,6006.969230769231,,6514,6008.9857142857145,6.879310344827586,6506.870967741936,
9400000,6040.850746268657,5834.346733668342,4,5969.512315270936,,0,0,0.535,0.5714285714285714,,0,0,0.6470588235294118,0.6164383561643836,,0,0,0.46296296296296297,0.5774647887323944,,0,0,0.4426229508196721,0.5084745762711864,,5514,5514,6.894117647058824,5507,,6014,6008.95652173913,6.907407407407407,6006.943661971831,,6514,6008.983606557377,6.868852459016393,6506.830508474576,
9450000,6062.980198019802,5847.58,4,6024.289340101523,,0,0,0.545,0.5431472081218274,,0,0,0.5555555555555556,0.5517241379310345,,0,0,0.7096774193548387,0.5342465753424658,,0,0,0.4,0.5454545454545454,,5514,5514,6.904761904761905,5506.982758620689,,6014,6008.983606557377,6.806451612903226,6006.945205479452,,6514,6008.96,6.92,6506.893939393939,
9500000,6023.562814070352,5842.645,4,5999.039603960396,,0,0,0.5,0.5495049504950495,,0,0,0.5074626865671642,0.5671641791044776,,0,0,0.48484848484848486,0.6428571428571429,,0,0,0.5074626865671642,0.4307692307692308,,5514,5514,6.955223880597015,5506.985074626866,,6014,6009,6.909090909090909,6006.971428571429,,6514,6008.984126984127,6.925373134328358,6506.876923076923,
9550000,5985.874371859297,5848.388059701492,4,6016.552763819095,,0,0,0.5,0.5125628140703518,,0,0,0.47761194029850745,0.5522388059701493,,0,0,0.532258064516129,0.5666666666666667,,0,0,0.49295774647887325,0.4305555555555556,,5514,5514,6.940298507462686,5507,,6014,6009,6.838709677419355,6007,,6514,6009,6.929577464788732,6506.916666666667,
9600000,6030.900497512438,5844.311557788945,4,6003.995024875622,,0,0,0.515,0.5422885572139303,,0,0,0.5211267605633803,0.5,,0,0,0.5079365079365079,0.5652173913043478,,0,0,0.5151515151515151,0.5606060606060606,,5514,5514,6.915492957746479,5507,,6014,6008.986111111111,6.920634920634921,6006.95652173913,,6514,6009,6.833333333333333,6506.893939393939,
9650000,6036,5842.65,4,5968.99,,0,0,0.47,0.485,,0,0,0.4666666666666667,0.42105263157894735,,0,0,0.4852941176470588,0.4838709677419355,,0,0,0.4583333333333333,0.5645161290322581,,5514,5514,6.933333333333334,5507,,6014,6009,6.9411764705882355,6006.935483870968,,6514,6009,6.916666666666667,6506.887096774193,
9700000,5959.95,5826.213930348259,4,6018.99,,0.01,0,0.49,0.575,,0,0,0.45,0.671875,,0,0,0.527027027027027,0.4696969696969697,,0.03636363636363636,0,0.48484848484848486,0.5857142857142857,,5514,5514,6.933333333333334,5506.984375,,6014,6008.984615384616,6.905405405405405,6006.939393939394,,6510.181818181818,6008.984126984127,6.878787878787879,6506.8,
9750000,6013.964824120603,5845.12,4,6001.477386934674,,0.010050251256281407,0,0.535,0.5628140703517588,,0,0,0.5538461538461539,0.5909090909090909,,0,0,0.4482758620689655,0.5882352941176471,,0.02702702702702703,0,0.5844155844155844,0.5076923076923077,,5514,5514,6.876923076923077,5507,,6014,6009,6.913793103448276,6006.970588235294,,6508.459459459459,6008.984375,6.896103896103896,6506.923076923077,
9800000,6020.776119402985,5854.776119402985,4,6026.388059701492,,0.03482587064676617,0.004975124378109453,0.51,0.582089552238806,,0,0,0.4868421052631579,0.5737704918032787,,0,0,0.543859649122807,0.6285714285714286,,0.0945945945945946,0.015151515151515152,0.5074626865671642,0.5428571428571428,,5514,5514,6.947368421052632,5506.983606557377,,6014,6008.972972972973,6.912280701754386,6006.9857142857145,,6486.5,6005.969696969697,6.880597014925373,6506.885714285714,
9850000,6006.575,5816.145728643216,4,6014.045226130654,,0.085,0.020100502512562814,0.54,0.6231155778894473,,0,0,0.5671641791044776,0.6065573770491803,,0.014705882352941176,0.04938271604938271,0.4696969696969697,0.547945205479452,,0.2318840579710145,0,0.582089552238806,0.7230769230769231,,5514,5514,6.880597014925373,5507,,6012.455882352941,5927.518518518518,6.9393939393939394,6006.945205479452,,6459.217391304348,6009,6.91044776119403,6506.9384615384615,
9900000,5958.65,5777.989949748744,4,6028.860696517413,,0.17,0.06030150753768844,0.495,0.6417910447761194,,0,0.015873015873015872,0.625,0.6,,0.08823529411764706,0.07936507936507936,0.36363636363636365,0.5901639344262295,,0.4307692307692308,0.0821917808219178,0.5128205128205128,0.72,,5514,5513.936507936508,6.875,5507,,5994.441176470588,5901.079365079365,6.9393939393939394,6006.934426229508,,6388.753846153846,5907.657534246576,6.897435897435898,6506.906666666667,
9950000,5890.95,5758.308457711443,4,5959,,0.31,0.13432835820895522,0.535,0.63,,0.027777777777777776,0.02666666666666667,0.46153846153846156,0.5,,0.16393442622950818,0.2542372881355932,0.5853658536585366,0.6142857142857143,,0.746268656716418,0.14925373134328357,0.5471698113207547,0.8214285714285714,,5513.861111111111,5513.893333333333,6.969230769230769,5507,,5990.229508196721,5832.9152542372885,6.890243902439025,6006.942857142857,,6214.7164179104475,5974.805970149254,6.90566037735849,6506.892857142857,
10000000,5811.18407960199,5361.472636815921,,6019.01,,0.4626865671641791,0.3034825870646766,,0.68,,0.07352941176470588,0.2597402597402597,,0.45454545454545453,,0.417910447761194,0.30612244897959184,,0.6290322580645161,,0.9090909090909091,0.3466666666666667,,0.9305555555555556,,5500.39705882353,4850.194805194805,,5507.030303030303,,5891,5792.877551020408,,6006.951612903225,,6059.454545454545,5611.8133333333335,,6506.847222222223,